Dates,Mom   
20070402,0.36
20070403,0.14
20070404,0.14
20070405,-0.01
20070409,0.14
20070410,-0.16
20070411,0.05
20070412,-0.28
20070413,-0.08
20070416,-0.45
20070417,0.07
20070418,-0.2
20070419,0
20070420,0.22
20070423,0.36
20070424,-0.41
20070425,-0.23
20070426,-0.14
20070427,0.01
20070430,0.02
20070501,-0.4
20070502,-0.01
20070503,-0.06
20070504,0.23
20070507,0.14
20070508,0.01
20070509,-0.31
20070510,0.17
20070511,0.14
20070514,0.15
20070515,0.32
20070516,0.04
20070517,-0.1
20070518,0.08
20070521,0.16
20070522,-0.25
20070523,-0.24
20070524,-0.63
20070525,0.26
20070529,0.14
20070530,0.3
20070531,-0.22
20070601,-0.2
20070604,-0.12
20070605,0.24
20070606,-0.09
20070607,-0.51
20070608,0.04
20070611,0.29
20070612,-0.15
20070613,0.47
20070614,0.35
20070615,0.3
20070618,0.05
20070619,0.22
20070620,-0.72
20070621,0.21
20070622,-0.42
20070625,-0.12
20070626,0.01
20070627,0.33
20070628,0.16
20070629,0.41
20070702,0.57
20070703,0.22
20070705,0.39
20070706,0.04
20070709,0.16
20070710,0.11
20070711,0.32
20070712,0.48
20070713,0.14
20070716,0.09
20070717,0.28
20070718,0.04
20070719,0.53
20070720,-0.12
20070723,0.58
20070724,-0.42
20070725,-0.6
20070726,-0.22
20070727,-0.34
20070730,0.59
20070731,0.19
20070801,-0.1
20070802,0.74
20070803,0.02
20070806,-1.26
20070807,0.07
20070808,-1.25
20070809,-1.1
20070810,1.13
20070813,1.56
20070814,-0.43
20070815,-1.08
20070816,-2.31
20070817,-0.07
20070820,1.06
20070821,0.4
20070822,1.1
20070823,0.32
20070824,0.57
20070827,0.42
20070828,-0.43
20070829,0.68
20070830,0.46
20070831,0.21
20070904,0.21
20070905,0.31
20070906,0.17
20070907,-0.47
20070910,0.48
20070911,0.44
20070912,0.23
20070913,-0.16
20070914,-0.11
20070917,0.23
20070918,0.03
20070919,0.08
20070920,0.92
20070921,0.46
20070924,0.69
20070925,0.94
20070926,0.1
20070927,0.09
20070928,-0.11
20071001,0.05
20071002,-0.68
20071003,-0.93
20071004,0.41
20071005,-0.13
20071008,0.57
20071009,0.72
20071010,0.6
20071011,-0.66
20071012,0.89
20071015,0.74
20071016,1.01
20071017,0.6
20071018,0.93
20071019,-0.33
20071022,-0.69
20071023,1.33
20071024,0.41
20071025,0.4
20071026,-0.13
20071029,0.44
20071030,-0.65
20071031,0.67
20071101,0.59
20071102,1.08
20071105,0.28
20071106,0.8
20071107,0.34
20071108,-0.81
20071109,-1.43
20071112,-2.16
20071113,-0.9
20071114,0.67
20071115,0.7
20071116,1.08
20071119,0.96
20071120,1.62
20071121,-0.06
20071123,-0.8
20071126,1.05
20071127,-0.08
20071128,-0.77
20071129,0.64
20071130,-1.43
20071203,0.74
20071204,0.8
20071205,0.39
20071206,-0.9
20071207,-0.01
20071210,-0.91
20071211,1.63
20071212,1.55
20071213,0.77
20071214,0.74
20071217,-0.79
20071218,-0.02
20071219,0.89
20071220,0.81
20071221,-0.28
20071224,-0.25
20071226,0.8
20071227,0.47
20071228,0.83
20071231,-0.79
20080102,0.9
20080103,1.61
20080104,0.57
20080107,-0.52
20080108,1.03
20080109,0.27
20080110,-1.39
20080111,-0.87
20080114,0.29
20080115,0.35
20080116,-2.96
20080117,0.29
20080118,0.83
20080122,-2.87
20080123,-4.24
20080124,0.25
20080125,0.72
20080128,-1.68
20080129,-1.39
20080130,0.15
20080131,-1.69
20080201,-1.08
20080204,1.79
20080205,0.56
20080206,0.16
20080207,-0.58
20080208,1.73
20080211,0.99
20080212,-0.02
20080213,0.47
20080214,0.63
20080215,-0.23
20080219,0.95
20080220,-0.8
20080221,0.54
20080222,-0.52
20080225,0.08
20080226,-0.44
20080227,-0.07
20080228,2.43
20080229,1.03
20080303,0.95
20080304,0.16
20080305,1.07
20080306,1.9
20080307,-0.53
20080310,0.74
20080311,-1.08
20080312,0.86
20080313,0.49
20080314,1.22
20080317,1.06
20080318,-2.53
20080319,-0.97
20080320,-3.54
20080324,-1.35
20080325,0.69
20080326,2.37
20080327,0.86
20080328,1.74
20080331,-0.88
20080401,-3.04
20080402,0.2
20080403,-0.11
20080404,1.12
20080407,-0.5
20080408,1.39
20080409,1.79
20080410,0.22
20080411,0.14
20080414,1.42
20080415,0.25
20080416,0.33
20080417,-0.9
20080418,-0.93
20080421,0.9
20080422,1.07
20080423,0.33
20080424,-2.67
20080425,-0.88
20080428,-0.26
20080429,-0.9
20080430,0.82
20080501,-2.12
20080502,0.16
20080505,1.11
20080506,-0.03
20080507,1.17
20080508,1.19
20080509,0.39
20080512,-0.52
20080513,0.76
20080514,-0.94
20080515,-0.43
20080516,0.92
20080519,0.21
20080520,1.21
20080521,1.02
20080522,-0.63
20080523,0.83
20080527,-0.21
20080528,0.73
20080529,-1.08
20080530,0.45
20080602,0.71
20080603,-0.21
20080604,-0.07
20080605,0.45
20080606,1.78
20080609,2.05
20080610,-0.46
20080611,1.96
20080612,-0.66
20080613,-0.31
20080616,-0.15
20080617,1.67
20080618,1.24
20080619,-0.51
20080620,1.47
20080623,3.16
20080624,-1.28
20080625,-0.84
20080626,1.91
20080627,0.94
20080630,1.91
20080701,0.49
20080702,0.06
20080703,0.22
20080707,1.03
20080708,-2.98
20080709,2.41
20080710,3.17
20080711,1.67
20080714,2.64
20080715,0.16
20080716,-5.83
20080717,-5.77
20080718,-0.6
20080721,0.75
20080722,-4.35
20080723,-3.83
20080724,3.83
20080725,1.31
20080728,2.49
20080729,-3.95
20080730,1.35
20080731,-0.94
20080801,-1.03
20080804,-1.4
20080805,-3.28
20080806,0.85
20080807,2.06
20080808,-2.92
20080811,-1.88
20080812,2.07
20080813,3.02
20080814,-1.99
20080815,-1.83
20080818,1.73
20080819,2.8
20080820,0.78
20080821,0.7
20080822,-1.86
20080825,0.97
20080826,0.23
20080827,-0.43
20080828,-2.01
20080829,-0.47
20080902,-2.31
20080903,-1.67
20080904,1.28
20080905,-0.85
20080908,-2.1
20080909,0.94
20080910,2.09
20080911,0.71
20080912,1.09
20080915,2.95
20080916,-0.05
20080917,1.85
20080918,-4.52
20080919,-3.57
20080922,2.66
20080923,0.29
20080924,1.06
20080925,-0.45
20080926,-0.44
20080929,3.33
20080930,-2.67
20081001,-1.78
20081002,1.03
20081003,1.93
20081006,0.98
20081007,3.1
20081008,1.4
20081009,2.09
20081010,-0.38
20081013,-1.3
20081014,-1.92
20081015,1.91
20081016,1.43
20081017,-0.64
20081020,0.7
20081021,0.48
20081022,1.23
20081023,1.81
20081024,1.01
20081027,0.46
20081028,-1.59
20081029,-0.96
20081030,-0.94
20081031,-0.41
20081103,-0.39
20081104,-2.55
20081105,2.19
20081106,3.21
20081107,-0.22
20081110,1.85
20081111,2.74
20081112,3.57
20081113,-1.92
20081114,0.77
20081117,2.72
20081118,1.44
20081119,4.01
20081120,4.58
20081121,-0.49
20081124,-7.39
20081125,-2.07
20081126,-5.13
20081128,-2.42
20081201,4.34
20081202,-1.71
20081203,-0.49
20081204,0.77
20081205,-1.88
20081208,-4.55
20081209,-0.57
20081210,-1.22
20081211,1.36
20081212,-0.31
20081215,1.31
20081216,-3.07
20081217,-1.44
20081218,1.48
20081219,-1.22
20081222,3.42
20081223,1.22
20081224,-0.32
20081226,-0.79
20081229,1.32
20081230,-1.53
20081231,-1.84
20090102,-4.34
20090105,-3.08
20090106,-5.09
20090107,1.82
20090108,-1.61
20090109,0.78
20090112,3.97
20090113,0.71
20090114,2.94
20090115,1.82
20090116,0.23
20090120,4.73
20090121,-4.29
20090122,2.43
20090123,-2.54
20090126,0.07
20090127,-1.28
20090128,-4.07
20090129,3.14
20090130,1.82
20090202,1.05
20090203,0.88
20090204,-0.89
20090205,-1.7
20090206,-3.08
20090209,-1.42
20090210,3.79
20090211,-0.81
20090212,0.26
20090213,-0.18
20090217,4.3
20090218,0.94
20090219,1.99
20090220,1.43
20090223,1.92
20090224,-4.1
20090225,0.42
20090226,-1.63
20090227,2.31
20090302,5.24
20090303,0.36
20090304,-1.66
20090305,3.32
20090306,0.62
20090309,-1.67
20090310,-6.56
20090311,-0.98
20090312,-3.57
20090313,-0.09
20090316,-1.43
20090317,-1.46
20090318,-5.14
20090319,0.17
20090320,2.83
20090323,-7.53
20090324,0.23
20090325,-0.59
20090326,-2.3
20090327,0.99
20090330,6.66
20090331,-1.6
20090401,-2.61
20090402,-4.31
20090403,-3.16
20090406,0.19
20090407,1.83
20090408,-1.03
20090409,-8.22
20090413,-3.96
20090414,1.44
20090415,-1.99
20090416,-1.73
20090417,-1.99
20090420,7.05
20090421,-3.94
20090422,-1.72
20090423,-1.04
20090424,-3.46
20090427,2.29
20090428,1.29
20090429,-2.75
20090430,-2.58
20090501,-1.9
20090504,-5.28
20090505,-1.32
20090506,-3.61
20090507,1.05
20090508,-5.09
20090511,2.27
20090512,1.83
20090513,5.1
20090514,-1.67
20090515,1.65
20090518,-3.52
20090519,-1.25
20090520,-0.77
20090521,1.67
20090522,0.4
20090526,-0.37
20090527,-0.36
20090528,-1.27
20090529,-0.62
20090601,-1.95
20090602,0.77
20090603,2.71
20090604,-2.64
20090605,-0.16
20090608,0.68
20090609,-1
20090610,-1.26
20090611,-1.4
20090612,0.49
20090615,1.51
20090616,1.27
20090617,2.73
20090618,0.73
20090619,-0.22
20090622,3.77
20090623,-0.78
20090624,-0.69
20090625,-0.5
20090626,0.1
20090629,-0.12
20090630,0.03
20090701,0.21
20090702,1.05
20090706,2.03
20090707,1.1
20090708,1.11
20090709,-1.09
20090710,0.33
20090713,-0.44
20090714,-0.77
20090715,-1.56
20090716,-0.86
20090717,0.53
20090720,-1.43
20090721,0.49
20090722,-0.28
20090723,-1.78
20090724,-1.1
20090727,-1.22
20090728,0.51
20090729,1.31
20090730,-2.24
20090731,-1.23
20090803,-2.07
20090804,-1.33
20090805,-1.47
20090806,-0.53
20090807,-1.14
20090810,-0.7
20090811,1.61
20090812,-0.77
20090813,-1.59
20090814,0.31
20090817,2
20090818,-1.07
20090819,0.16
20090820,-0.76
20090821,-1.03
20090824,-0.35
20090825,0.18
20090826,0.06
20090827,-0.81
20090828,-0.64
20090831,0.83
20090901,1.67
20090902,0.34
20090903,-0.87
20090904,-0.68
20090908,-0.58
20090909,-0.46
20090910,-0.95
20090911,-0.79
20090914,-0.94
20090915,-1.11
20090916,-1.74
20090917,0.2
20090918,0.2
20090921,0.7
20090922,-1.22
20090923,0.56
20090924,1.05
20090925,0.06
20090928,-0.22
20090929,-0.07
20090930,0.63
20091001,0.6
20091002,0.18
20091005,-0.3
20091006,0.38
20091007,-0.14
20091008,-0.18
20091009,0.07
20091012,-0.22
20091013,0.18
20091014,0.25
20091015,0.07
20091016,-0.07
20091019,0.39
20091020,0.05
20091021,0.31
20091022,-0.46
20091023,0.18
20091026,0.18
20091027,-1.53
20091028,-1.96
20091029,1.24
20091030,-0.23
20091102,0.49
20091103,0.76
20091104,0.12
20091105,0.6
20091106,-0.09
20091109,0.61
20091110,0.32
20091111,0.06
20091112,-0.33
20091113,0.61
20091116,0.36
20091117,-0.18
20091118,-0.4
20091119,-0.85
20091120,-0.67
20091123,-0.08
20091124,-0.47
20091125,0.4
20091127,-0.52
20091130,-0.18
20091201,0.56
20091202,0.27
20091203,-0.27
20091204,-0.17
20091207,-0.25
20091208,0
20091209,0.35
20091210,0.27
20091211,-0.54
20091214,1.01
20091215,0.14
20091216,0.73
20091217,-0.29
20091218,-0.08
20091221,0.41
20091222,0.26
20091223,0.76
20091224,0.25
20091228,-0.17
20091229,-0.38
20091230,-0.09
20091231,0.05
20100104,0.67
20100105,0.65
20100106,-0.02
20100107,-0.85
20100108,0.24
20100111,-0.49
20100112,-1.21
20100113,0.39
20100114,-0.12
20100115,-0.52
20100119,0.13
20100120,-0.56
20100121,-1.01
20100122,-1.53
20100125,0.54
20100126,0
20100127,-0.15
20100128,-0.67
20100129,-1.23
20100201,1.38
20100202,0.48
20100203,0.23
20100204,-1.57
20100205,0.03
20100208,0.01
20100209,0.88
20100210,0.2
20100211,0.9
20100212,0.5
20100216,0.88
20100217,0.01
20100218,0.12
20100219,-0.21
20100222,0.14
20100223,-1.04
20100224,0.52
20100225,0.48
20100226,0.41
20100301,1.18
20100302,0.13
20100303,0.08
20100304,0.36
20100305,0.87
20100308,0.09
20100309,0.38
20100310,0.38
20100311,-0.08
20100312,0.28
20100315,-0.67
20100316,0.32
20100317,0.1
20100318,-0.53
20100319,-1.52
20100322,0.89
20100323,0.83
20100324,0.42
20100325,-0.15
20100326,0.34
20100329,0.16
20100330,-0.11
20100331,-0.14
20100401,0.64
20100405,1.04
20100406,0.24
20100407,-0.43
20100408,0.25
20100409,0.08
20100412,-0.13
20100413,0.16
20100414,0.89
20100415,0.22
20100416,-0.79
20100419,-0.62
20100420,0.38
20100421,0.63
20100422,1.01
20100423,0.27
20100426,0.31
20100427,-1.28
20100428,0.02
20100429,0.96
20100430,-1.11
20100503,0.81
20100504,-0.96
20100505,-0.61
20100506,-0.88
20100507,-1.13
20100510,2.62
20100511,0.29
20100512,1.31
20100513,-0.54
20100514,-1.3
20100517,-0.57
20100518,-0.86
20100519,-0.66
20100520,-1.26
20100521,1.48
20100524,0.37
20100525,0.46
20100526,0.51
20100527,1.99
20100528,-0.33
20100601,-0.34
20100602,0.62
20100603,0.03
20100604,-1.33
20100607,-1.28
20100608,-0.32
20100609,0.39
20100610,0.95
20100611,0.66
20100614,0.57
20100615,0.46
20100616,0.14
20100617,-0.01
20100618,-0.12
20100621,-0.19
20100622,-0.61
20100623,0.01
20100624,-0.52
20100625,0.63
20100628,-0.26
20100629,-1.94
20100630,-0.37
20100701,-0.19
20100702,-0.69
20100706,-0.43
20100707,1.54
20100708,0.2
20100709,0.54
20100712,-0.61
20100713,0.51
20100714,0.01
20100715,-0.53
20100716,-1.02
20100719,-0.34
20100720,0.56
20100721,0.31
20100722,0.55
20100723,0.56
20100726,0.12
20100727,-0.64
20100728,-0.09
20100729,0.2
20100730,0.17
20100802,-0.27
20100803,-0.14
20100804,0.18
20100805,-0.02
20100806,-0.05
20100809,0.12
20100810,0.2
20100811,-0.37
20100812,-0.11
20100813,-0.07
20100816,0.19
20100817,0.41
20100818,0.23
20100819,0.05
20100820,0.16
20100823,-0.47
20100824,-0.37
20100825,0.07
20100826,0.38
20100827,0.48
20100830,-0.07
20100831,0.48
20100901,0.49
20100902,0.29
20100903,0.18
20100907,0.19
20100908,0.07
20100909,-0.69
20100910,0.03
20100913,-0.19
20100914,0.14
20100915,-0.07
20100916,0.22
20100917,0.35
20100920,-0.08
20100921,0.11
20100922,0.46
20100923,0.08
20100924,0.01
20100927,0.08
20100928,-0.04
20100929,-0.01
20100930,-0.54
20101001,-0.28
20101004,0.4
20101005,0.24
20101006,-0.62
20101007,0.23
20101008,-0.03
20101011,-0.14
20101012,-0.28
20101013,0.07
20101014,0.84
20101015,0.21
20101018,-0.84
20101019,-0.01
20101020,-0.03
20101021,0.49
20101022,0.26
20101025,0.35
20101026,-0.07
20101027,0.07
20101028,0.08
20101029,0.14
20101101,0.17
20101102,0.09
20101103,0.12
20101104,-0.32
20101105,-0.58
20101108,0.1
20101109,-0.28
20101110,-0.08
20101111,0.29
20101112,-0.19
20101115,0.09
20101116,-0.22
20101117,0.51
20101118,0.58
20101119,0.55
20101122,1.09
20101123,0.02
20101124,0.71
20101126,0.38
20101129,-0.31
20101130,0.08
20101201,0.24
20101202,-0.41
20101203,0.07
20101206,0.23
20101207,0
20101208,-0.68
20101209,-0.02
20101210,-0.27
20101213,-0.28
20101214,-0.47
20101215,-0.02
20101216,0.11
20101217,-0.05
20101220,0.06
20101221,0.15
20101222,-0.94
20101223,-0.14
20101227,-0.24
20101228,-0.24
20101229,0.23
20101230,0
20101231,-0.15
20110103,-0.01
20110104,-0.59
20110105,0.12
20110106,-0.5
20110107,0.35
20110110,0.7
20110111,-0.24
20110112,-0.33
20110113,0.3
20110114,-0.19
20110118,-0.35
20110119,-0.13
20110120,-1.21
20110121,-0.14
20110124,0.19
20110125,-0.15
20110126,1.25
20110127,0.02
20110128,-0.16
20110131,0.63
20110201,0.52
20110202,0
20110203,0.07
20110204,0.07
20110207,0.22
20110208,0.11
20110209,-0.04
20110210,0.76
20110211,0.47
20110214,0.51
20110215,-0.29
20110216,0.1
20110217,0.14
20110218,-0.52
20110222,-0.81
20110223,-0.24
20110224,0.42
20110225,0.65
20110228,-0.23
20110301,-0.23
20110302,0.51
20110303,0.81
20110304,0.34
20110307,-0.33
20110308,-0.41
20110309,-0.87
20110310,-0.77
20110311,0.32
20110314,0.29
20110315,0.25
20110316,-0.03
20110317,0.58
20110318,-0.45
20110321,1.26
20110322,-0.16
20110323,0.48
20110324,0.3
20110325,0.62
20110328,-0.15
20110329,0.54
20110330,0.24
20110331,0.22
20110401,0
20110404,0.15
20110405,-0.05
20110406,-1.19
20110407,-0.09
20110408,0.1
20110411,-0.55
20110412,-0.69
20110413,0.91
20110414,0.29
20110415,0.2
20110418,-0.37
20110419,0.35
20110420,0.69
20110421,0.78
20110425,-0.17
20110426,-0.39
20110427,-0.12
20110428,-0.28
20110429,0.66
20110502,-0.67
20110503,-1.38
20110504,-0.86
20110505,-0.31
20110506,0.54
20110509,1.2
20110510,0.06
20110511,-1.12
20110512,-0.24
20110513,-0.06
20110516,-0.72
20110517,-0.46
20110518,1.17
20110519,0.29
20110520,0.3
20110523,-0.6
20110524,0.34
20110525,1.19
20110526,0.51
20110527,0.1
20110531,0.25
20110601,-0.26
20110602,0.08
20110603,-0.15
20110606,-0.67
20110607,0.52
20110608,-0.27
20110609,0.45
20110610,-0.62
20110613,-0.61
20110614,0.91
20110615,-0.45
20110616,-0.82
20110617,-0.23
20110620,0.5
20110621,1.2
20110622,0.22
20110623,0.46
20110624,-0.32
20110627,0.22
20110628,1.24
20110629,-0.01
20110630,0.4
20110701,0.34
20110705,1.22
20110706,0.33
20110707,-0.25
20110708,0.36
20110711,-0.16
20110712,-0.59
20110713,0.33
20110714,-0.19
20110715,0.53
20110718,0.32
20110719,0.45
20110720,-0.58
20110721,-0.52
20110722,0.27
20110725,-0.15
20110726,-0.57
20110727,-0.66
20110728,0.11
20110729,0.12
20110801,0.03
20110802,-0.85
20110803,-0.09
20110804,-1.4
20110805,-0.52
20110808,-1.12
20110809,1.62
20110810,1.47
20110811,0.58
20110812,1.16
20110815,-0.25
20110816,-0.7
20110817,-0.62
20110818,-2
20110819,-0.6
20110822,-0.03
20110823,2.14
20110824,-0.32
20110825,-0.4
20110826,1.33
20110829,0.08
20110830,0.7
20110831,-0.34
20110901,0.6
20110902,0.37
20110906,1.13
20110907,-1.42
20110908,0.76
20110909,0.14
20110912,-0.16
20110913,0.05
20110914,0.04
20110915,-0.6
20110916,0.57
20110919,1.86
20110920,0.32
20110921,1.06
20110922,0.33
20110923,-0.9
20110926,-1.09
20110927,0.06
20110928,0.36
20110929,-1.81
20110930,0.69
20111003,1.09
20111004,-1.58
20111005,-0.41
20111006,-1.07
20111007,1.77
20111010,-0.51
20111011,-0.31
20111012,-1.32
20111013,0.9
20111014,0.18
20111017,0.9
20111018,-2.07
20111019,0.44
20111020,-0.46
20111021,-0.48
20111024,-1.37
20111025,1
20111026,-0.68
20111027,-2.65
20111028,-0.45
20111031,2.23
20111101,1.77
20111102,-0.87
20111103,-0.36
20111104,-0.1
20111107,-0.09
20111108,-0.43
20111109,1.83
20111110,-0.08
20111111,-0.42
20111114,0.84
20111115,0.39
20111116,0.29
20111117,1.21
20111118,-0.05
20111121,0.91
20111122,0.94
20111123,0.74
20111125,-0.05
20111128,-0.39
20111129,0.52
20111130,-1.88
20111201,0.26
20111202,-0.55
20111205,-0.97
20111206,0.09
20111207,-0.42
20111208,1.77
20111209,-0.64
20111212,1.02
20111213,1.14
20111214,0.19
20111215,0.31
20111216,0.33
20111219,1.8
20111220,-1.22
20111221,-0.1
20111222,-1.81
20111223,0.38
20111227,1
20111228,0.87
20111229,-0.66
20111230,-0.66
20120103,-2.62
20120104,0.13
20120105,-0.58
20120106,-0.06
20120109,-0.34
20120110,-1.12
20120111,-1.29
20120112,-0.54
20120113,1.05
20120117,0.76
20120118,-1.72
20120119,-1.15
20120120,-0.62
20120123,-0.45
20120124,-0.3
20120125,-0.08
20120126,0.27
20120127,-0.61
20120130,0.74
20120131,0.24
20120201,-0.79
20120202,-0.52
20120203,-1.47
20120206,-0.28
20120207,0.31
20120208,-0.45
20120209,0.25
20120210,1
20120213,0.22
20120214,0.62
20120215,-0.46
20120216,-0.97
20120217,-0.15
20120221,0.2
20120222,0.57
20120223,-0.16
20120224,0.16
20120227,0.1
20120228,0.22
20120229,0.68
20120301,-0.31
20120302,0.36
20120305,1.25
20120306,1.11
20120307,-0.47
20120308,-0.13
20120309,-0.41
20120312,0.78
20120313,-1.21
20120314,0.39
20120315,-1.17
20120316,-0.91
20120319,0.14
20120320,0.12
20120321,0.3
20120322,1.25
20120323,-0.49
20120326,0.04
20120327,0.49
20120328,0.53
20120329,0.11
20120330,-0.16
20120402,-0.02
20120403,1
20120404,0.86
20120405,0.94
20120409,0.71
20120410,0.18
20120411,-0.31
20120412,-1.35
20120413,1.37
20120416,0.01
20120417,-0.44
20120418,0.58
20120419,-0.55
20120420,1.09
20120423,0.1
20120424,-0.61
20120425,0.41
20120426,0.01
20120427,0.37
20120430,-0.24
20120501,-0.58
20120502,1.16
20120503,0.95
20120504,0.26
20120507,-0.02
20120508,0.18
20120509,0.1
20120510,0.8
20120511,0.56
20120514,0.26
20120515,1.17
20120516,0.88
20120517,-0.13
20120518,0.61
20120521,-0.65
20120522,0.46
20120523,-0.42
20120524,0.76
20120525,-0.53
20120529,-0.81
20120530,1.22
20120531,0.2
20120601,-0.02
20120604,0.44
20120605,-0.96
20120606,-1
20120607,0.39
20120608,0.37
20120611,0.97
20120612,-0.37
20120613,0.32
20120614,0.04
20120615,-0.8
20120618,0.77
20120619,-1.13
20120620,-0.4
20120621,1.29
20120622,-0.18
20120625,1.15
20120626,0.37
20120627,-0.95
20120628,-0.56
20120629,-1.16
20120702,0.84
20120703,-1.32
20120705,0.65
20120706,1.12
20120709,1.1
20120710,0.96
20120711,-0.49
20120712,0.86
20120713,-0.28
20120716,0.3
20120717,-0.17
20120718,-0.38
20120719,-0.37
20120720,0.27
20120723,0.51
20120724,0.99
20120725,-0.12
20120726,-0.66
20120727,-0.96
20120730,0.05
20120731,-0.06
20120801,-0.04
20120802,1.22
20120803,-0.74
20120806,-0.89
20120807,-1.41
20120808,-0.13
20120809,-0.8
20120810,-0.29
20120813,0.49
20120814,0.73
20120815,-0.19
20120816,-0.63
20120817,0.09
20120820,-0.13
20120821,-0.57
20120822,0.38
20120823,0.47
20120824,0.23
20120827,0.6
20120828,0.08
20120829,0.09
20120830,0.42
20120831,-0.44
20120904,0.75
20120905,-0.43
20120906,-0.64
20120907,-1.38
20120910,-0.15
20120911,-0.64
20120912,-0.06
20120913,-0.3
20120914,-1.18
20120917,0.82
20120918,0.18
20120919,0.44
20120920,0.19
20120921,0.26
20120924,0.18
20120925,0.62
20120926,-0.35
20120927,0.38
20120928,-0.08
20121001,-0.1
20121002,0.09
20121003,1.2
20121004,-0.29
20121005,0.19
20121008,-0.44
20121009,-0.41
20121010,0.5
20121011,-0.85
20121012,0.12
20121015,0.21
20121016,-0.28
20121017,0.17
20121018,-0.27
20121019,0.27
20121022,0.1
20121023,-0.24
20121024,0.97
20121025,-0.59
20121026,0.01
20121031,-0.16
20121101,-0.84
20121102,0.03
20121105,-0.12
20121106,-0.47
20121107,0.58
20121108,0.09
20121109,0.28
20121112,0.01
20121113,0.58
20121114,-0.53
20121115,-0.53
20121116,0.85
20121119,0.19
20121120,0.82
20121121,-0.2
20121123,-0.22
20121126,0.11
20121127,-0.26
20121128,-0.28
20121129,0.05
20121130,0.07
20121203,0.08
20121204,-0.52
20121205,-0.89
20121206,-0.04
20121207,-0.32
20121210,-0.35
20121211,-0.27
20121212,-0.2
20121213,-0.22
20121214,-0.46
20121217,0.75
20121218,-0.44
20121219,-0.08
20121220,0.21
20121221,-0.23
20121224,0.4
20121226,-0.42
20121227,0.28
20121228,0.33
20121231,0.24
20130102,0.2
20130103,-0.45
20130104,-0.37
20130107,0.16
20130108,0.85
20130109,0.08
20130110,-0.2
20130111,-0.17
20130114,-0.26
20130115,-0.33
20130116,0.19
20130117,-0.19
20130118,0.04
20130122,-0.21
20130123,0.4
20130124,-0.81
20130125,-0.16
20130128,-0.34
20130129,0.08
20130130,0.11
20130131,-0.36
20130201,0.35
20130204,-0.01
20130205,0.11
20130206,-0.31
20130207,-0.14
20130208,-0.16
20130211,-0.02
20130212,-0.01
20130213,0.16
20130214,-0.07
20130215,0.46
20130219,-0.04
20130220,0.05
20130221,-0.06
20130222,0.2
20130225,-0.1
20130226,0.4
20130227,0.51
20130228,0.31
20130301,0.98
20130304,1.23
20130305,0.09
20130306,-0.24
20130307,-0.38
20130308,-0.02
20130311,-0.25
20130312,-0.22
20130313,0.09
20130314,-0.44
20130315,-0.61
20130318,0
20130319,0.33
20130320,0.42
20130321,0.07
20130322,0.19
20130325,-0.02
20130326,0.43
20130327,0.14
20130328,0.5
20130401,0.37
20130402,0.32
20130403,-0.62
20130404,0.17
20130405,0.16
20130408,0.26
20130409,-0.39
20130410,-0.02
20130411,0.48
20130412,0.25
20130415,-0.28
20130416,0.77
20130417,0.31
20130418,-0.25
20130419,1.25
20130422,-0.04
20130423,0.09
20130424,-0.9
20130425,-0.24
20130426,-0.07
20130429,-0.59
20130430,-0.78
20130501,-0.04
20130502,0.39
20130503,-0.36
20130506,-0.05
20130507,0.2
20130508,-0.61
20130509,0.02
20130510,0.13
20130513,0.37
20130514,0.45
20130515,0.5
20130516,-0.79
20130517,-0.08
20130520,-1
20130521,-0.01
20130522,0.07
20130523,0.09
20130524,0.16
20130528,0.45
20130529,-0.6
20130530,0.16
20130531,-0.26
20130603,-0.33
20130604,-0.45
20130605,-0.52
20130606,0.84
20130607,0.56
20130610,0.13
20130611,-0.28
20130612,-0.36
20130613,0.51
20130614,0.24
20130617,0.27
20130618,0.15
20130619,0.07
20130620,-0.68
20130621,-0.63
20130624,-0.39
20130625,0.52
20130626,0.66
20130627,0.48
20130628,-0.41
20130701,0.5
20130702,-0.07
20130703,0.03
20130705,0.59
20130708,0.2
20130709,0.13
20130710,-0.33
20130711,0.09
20130712,0.49
20130715,-0.12
20130716,-0.58
20130717,0.35
20130718,0.18
20130719,0.05
20130722,0.15
20130723,-0.3
20130724,0.06
20130725,0
20130726,0.03
20130729,-0.42
20130730,0.1
20130731,0.62
20130801,0.63
20130802,0.48
20130805,-0.11
20130806,-0.41
20130807,-0.44
20130808,0.08
20130809,0.1
20130812,-0.2
20130813,-0.02
20130814,-0.28
20130815,-0.88
20130816,0.41
20130819,-0.18
20130820,0.47
20130821,0.27
20130822,0.38
20130823,-0.33
20130826,0.11
20130827,-0.96
20130828,0.34
20130829,0.76
20130830,-0.45
20130903,0.96
20130904,0.47
20130905,0.07
20130906,-0.23
20130909,-0.05
20130910,0.7
20130911,-0.02
20130912,0.07
20130913,-0.04
20130916,0.27
20130917,0.1
20130918,-0.48
20130919,0.08
20130920,0.33
20130923,-0.56
20130924,0.59
20130925,0.23
20130926,0.33
20130927,0.33
20130930,0.26
20131001,0.48
20131002,-0.13
20131003,-0.11
20131004,0.52
20131007,-0.78
20131008,-1.09
20131009,-0.23
20131010,1.19
20131011,0.24
20131014,0.27
20131015,0.07
20131016,0.6
20131017,0.21
20131018,0.33
20131021,-0.16
20131022,-0.39
20131023,-0.56
20131024,0.13
20131025,-0.24
20131028,-0.58
20131029,0.29
20131030,-0.44
20131031,0.37
20131101,-0.06
20131104,0.06
20131105,0.61
20131106,-1.29
20131107,-1.15
20131108,1.27
20131111,0.25
20131112,-0.08
20131113,0.63
20131114,-0.09
20131115,-0.05
20131118,-0.9
20131119,-0.5
20131120,0.09
20131121,0.92
20131122,0.49
20131125,-0.36
20131126,0.57
20131127,-0.19
20131129,-0.2
20131202,0.26
20131203,-0.62
20131204,0.05
20131205,0.27
20131206,0.25
20131209,-0.3
20131210,0.15
20131211,-0.45
20131212,0.6
20131213,0.41
20131216,0.01
20131217,-0.08
20131218,0.17
20131219,-0.13
20131220,0.41
20131223,-0.13
20131224,-0.19
20131226,0.21
20131227,-0.84
20131230,-0.07
20131231,0.06
20140102,-0.07
20140103,0.23
20140106,-0.12
20140107,0.56
20140108,0.63
20140109,0.79
20140110,-0.17
20140113,-0.53
20140114,0.55
20140115,-0.31
20140116,-0.05
20140117,-0.01
20140121,-0.06
20140122,0.28
20140123,-0.5
20140124,-0.98
20140127,-0.55
20140128,0.84
20140129,-0.53
20140130,1.25
20140131,0.11
20140203,-0.84
20140204,0.44
20140205,-0.11
20140206,0.1
20140207,0.62
20140210,-0.08
20140211,0.05
20140212,0.25
20140213,0.38
20140214,-0.28
20140218,0.76
20140219,-0.32
20140220,0.48
20140221,0.29
20140224,0.4
20140225,0.16
20140226,-0.08
20140227,0.06
20140228,-0.29
20140303,-0.06
20140304,0.83
20140305,0.36
20140306,-0.53
20140307,-0.19
20140310,0.01
20140311,-0.11
20140312,-0.02
20140313,-0.36
20140314,-0.13
20140317,0.27
20140318,0.51
20140319,-0.11
20140320,-0.18
20140321,-1.13
20140324,-1.02
20140325,-0.23
20140326,-0.85
20140327,-0.45
20140328,-0.47
20140331,0.68
20140401,1.01
20140402,-0.08
20140403,-1.05
20140404,-1.7
20140407,-1.03
20140408,-0.11
20140409,1.39
20140410,-1.86
20140411,-0.52
20140414,-0.18
20140415,0.02
20140416,0.98
20140417,0.28
20140421,0.2
20140422,0.73
20140423,-0.3
20140424,-0.54
20140425,-1.28
20140428,-1.12
20140429,0.7
20140430,0.54
20140501,0.08
20140502,0.12
20140505,0.4
20140506,-0.44
20140507,-0.13
20140508,-0.61
20140509,-0.17
20140512,0.89
20140513,-0.17
20140514,-0.44
20140515,-0.28
20140516,-0.18
20140519,0.71
20140520,0.09
20140521,0.41
20140522,0.08
20140523,0.42
20140527,0.48
20140528,0.18
20140529,0.26
20140530,-0.02
20140602,0.25
20140603,0.2
20140604,0.34
20140605,-0.14
20140606,-0.22
20140609,-0.42
20140610,-0.14
20140611,0.21
20140612,-0.27
20140613,-0.09
20140616,0.1
20140617,-0.05
20140618,0.09
20140619,0.12
20140620,0.37
20140623,-0.16
20140624,-0.43
20140625,0.39
20140626,0.22
20140627,-0.16
20140630,0.12
20140701,0.23
20140702,-0.08
20140703,0.03
20140707,-0.15
20140708,-0.24
20140709,0.32
20140710,0
20140711,0.11
20140714,0.38
20140715,-0.48
20140716,-0.13
20140717,-0.54
20140718,0.53
20140721,0.23
20140722,0.28
20140723,0.26
20140724,-0.14
20140725,-0.24
20140728,-0.23
20140729,-0.25
20140730,-0.12
20140731,-0.68
20140801,0.31
20140804,0.55
20140805,-0.34
20140806,-0.55
20140807,0.1
20140808,0.07
20140811,-0.01
20140812,-0.05
20140813,0.79
20140814,-0.32
20140815,0.4
20140818,0.14
20140819,-0.03
20140820,0.03
20140821,-0.38
20140822,0.08
20140825,0.29
20140826,-0.24
20140827,0.06
20140828,0.04
20140829,0.05
20140902,0.29
20140903,-0.15
20140904,-0.35
20140905,0.3
20140908,0.16
20140909,0.16
20140910,-0.02
20140911,-0.11
20140912,-0.41
20140915,-0.12
20140916,0.67
20140917,0.08
20140918,0.06
20140919,0.06
20140922,-0.05
20140923,0.26
20140924,0.16
20140925,-0.22
20140926,0.58
20140929,0.13
20140930,-0.16
20141001,-0.34
20141002,-0.25
20141003,0.51
20141006,-0.33
20141007,0.1
20141008,0.28
20141009,0.06
20141010,-0.39
20141013,-0.96
20141014,-0.83
20141015,-0.72
20141016,-0.28
20141017,1.07
20141020,0.04
20141021,0.26
20141022,0.75
20141023,0.06
20141024,1.06
20141027,0.35
20141028,-0.29
20141029,0.25
20141030,0.01
20141031,-0.04
20141103,0.34
20141104,0.51
20141105,-0.19
20141106,0.21
20141107,-0.9
20141110,0.62
20141111,-0.34
20141112,-0.2
20141113,0.39
20141114,-0.78
20141117,0.59
20141118,0.63
20141119,-0.06
20141120,-0.73
20141121,-0.37
20141124,0.11
20141125,0.49
20141126,0.98
20141128,1.23
20141201,0.32
20141202,0.8
20141203,-0.21
20141204,0.92
20141205,0.41
20141208,1.12
20141209,-0.36
20141210,0.65
20141211,0.2
20141212,0.05
20141215,0.15
20141216,-0.6
20141217,-0.64
20141218,0.25
20141219,-1.01
20141222,0.21
20141223,-0.93
20141224,0.72
20141226,0.07
20141229,-0.19
20141230,-0.08
20141231,-0.48
20150102,-0.08
20150105,1.2
20150106,0.49
20150107,0.91
20150108,0.13
20150109,0.14
20150112,0.91
20150113,0.3
20150114,0.07
20150115,0.76
20150116,-0.24
20150120,0.73
20150121,-1
20150122,0.33
20150123,0.13
20150126,-0.86
20150127,-0.44
20150128,1.21
20150129,0.61
20150130,-2.64
20150202,-0.8
20150203,-1.26
20150204,0.77
20150205,-0.71
20150206,-0.87
20150209,-0.68
20150210,1.21
20150211,0.47
20150212,-0.44
20150213,-1.3
20150217,0
20150218,0.66
20150219,-0.55
20150220,0.58
20150223,0.95
20150224,-0.04
20150225,-1
20150226,0.33
20150227,-0.21
20150302,0.35
20150303,-0.39
20150304,0.04
20150305,-0.01
20150306,0.02
20150309,0.76
20150310,0.48
20150311,-0.03
20150312,0.67
20150313,0.74
20150316,0.62
20150317,0.23
20150318,-0.83
20150319,0.94
20150320,-0.36
20150323,-0.51
20150324,-0.31
20150325,-1.21
20150326,-0.02
20150327,1.16
20150330,0.19
20150331,-0.23
20150401,-0.16
20150402,-0.57
20150406,-1.31
20150407,-0.3
20150408,1.27
20150409,-0.82
20150410,0.33
20150413,0.05
20150414,-1.18
20150415,-1.75
20150416,0.58
20150417,0.09
20150420,0.29
20150421,1.3
20150422,-0.18
20150423,-0.25
20150424,0.37
20150427,-1.27
20150428,-0.75
20150429,-1.18
20150430,-1.15
20150501,1.02
20150504,0.23
20150505,-0.44
20150506,0.41
20150507,0.88
20150508,0.14
20150511,0.58
20150512,-0.36
20150513,-0.1
20150514,0.87
20150515,-0.38
20150518,0.76
20150519,0.88
20150520,-0.2
20150521,-0.57
20150522,0.3
20150526,0.41
20150527,0.81
20150528,0.23
20150529,0.12
20150601,0.43
20150602,-0.89
20150603,0.32
20150604,0.17
20150605,-0.24
20150608,-0.02
20150609,-0.03
20150610,-0.1
20150611,0.45
20150612,0.1
20150615,0.31
20150616,0.14
20150617,0.16
20150618,0.85
20150619,0.39
20150622,0.19
20150623,-0.26
20150624,0.01
20150625,0.91
20150626,0.02
20150629,0.28
20150630,0.69
20150701,1.63
20150702,-0.31
20150706,1.44
20150707,-0.39
20150708,0.58
20150709,0.03
20150710,1.13
20150713,0.01
20150714,-0.29
20150715,1.35
20150716,0.77
20150717,-0.03
20150720,1.4
20150721,-0.34
20150722,1.15
20150723,-0.16
20150724,1.06
20150727,0.24
20150728,-0.89
20150729,-1.06
20150730,0.23
20150731,1.25
20150803,1.03
20150804,0.28
20150805,0.86
20150806,-2.2
20150807,1.09
20150810,-2.05
20150811,0.12
20150812,-1.04
20150813,1.4
20150814,0.22
20150817,0.73
20150818,0.21
20150819,1.23
20150820,-0.4
20150821,-0.11
20150824,0
20150825,0.88
20150826,0.45
20150827,-2.12
20150828,-1.61
20150831,-1.8
20150901,0.88
20150902,1.04
20150903,-0.74
20150904,0.71
20150908,0.9
20150909,0.31
20150910,0.3
20150911,1.25
20150914,0.48
20150915,-0.39
20150916,-1.74
20150917,1.09
20150918,1.29
20150921,-0.11
20150922,0.39
20150923,2
20150924,-0.55
20150925,-0.57
20150928,-0.32
20150929,-0.39
20150930,0.36
20151001,0.66
20151002,-2.18
20151005,-2.03
20151006,-3.13
20151007,-0.34
20151008,-1.56
20151009,0.43
20151012,1.87
20151013,-0.23
20151014,-0.77
20151015,0.63
20151016,0.82
20151019,1.35
20151020,-1.06
20151021,0.43
20151022,-0.75
20151023,1.01
20151026,1.78
20151027,1.71
20151028,-0.72
20151029,-0.48
20151030,-1.05
20151102,-1
20151103,-1.52
20151104,0.7
20151105,1.09
20151106,0.33
20151109,0.27
20151110,0.93
20151111,1.41
20151112,0.68
20151113,-0.58
20151116,-1.04
20151117,0.87
20151118,-0.55
20151119,0.23
20151120,0.92
20151123,0.04
20151124,-1.36
20151125,-0.05
20151127,0.78
20151130,-0.67
20151201,0.48
20151202,0.98
20151203,-0.08
20151204,1.96
20151207,0.68
20151208,1.07
20151209,-1.44
20151210,-0.54
20151211,0.45
20151214,1.46
20151215,0
20151216,-0.19
20151217,0.7
20151218,-0.79
20151221,-0.04
20151222,-1.1
20151223,-1.91
20151224,0.08
20151228,1.41
20151229,0.23
20151230,0.49
20151231,-0.97
20160104,-1.94
20160105,0.65
20160106,1.92
20160107,0.87
20160108,-0.11
20160111,1.62
20160112,1.03
20160113,0.13
20160114,-0.6
20160115,0.37
20160119,1.57
20160120,-0.02
20160121,-2.69
20160122,-0.17
20160125,1.61
20160126,-1.95
20160127,-0.49
20160128,0.37
20160129,-1.2
20160201,0.37
20160202,1.25
20160203,-2.42
20160204,-2.14
20160205,-0.8
20160208,1.2
20160209,1.86
20160210,0.75
20160211,0.54
20160212,-1.25
20160216,-1.38
20160217,-2.36
20160218,0.1
20160219,1.47
20160222,-1.63
20160223,1.52
20160224,-0.18
20160225,0.46
20160226,-2
20160229,-0.8
20160301,-0.17
20160302,-2.62
20160303,-2.03
20160304,-1.05
20160307,-2.38
20160308,3.62
20160309,-0.1
20160310,0.58
20160311,-1.94
20160314,-0.08
20160315,2.22
20160316,-1.17
20160317,-0.9
20160318,-0.82
20160321,-0.18
20160322,-0.08
20160323,3.17
20160324,-0.56
20160328,0.8
20160329,-0.17
20160330,0.06
20160331,-1.1
20160401,1.11
20160404,0.51
20160405,0.18
20160406,-1.47
20160407,0.29
20160408,-0.66
20160411,0.07
20160412,-1.38
20160413,-1.34
20160414,-0.14
20160415,0.44
20160418,-0.34
20160419,-0.62
20160420,-1.05
20160421,-1.06
20160422,-1.25
20160425,1.55
20160426,-0.85
20160427,-0.64
20160428,0.75
20160429,0.67
20160502,0.95
20160503,1.59
20160504,1.31
20160505,0.27
20160506,0.33
20160509,0.92
20160510,-0.65
20160511,0.42
20160512,1.3
20160513,0.06
20160516,-0.76
20160517,-1.57
20160518,0.31
20160519,0.31
20160520,-1.21
20160523,-0.24
20160524,0.07
20160525,-1.55
20160526,0.46
20160527,-0.23
20160531,-0.63
20160601,-0.12
20160602,-0.64
20160603,0.63
20160606,-1.36
20160607,-0.01
20160608,0.55
20160609,1.18
20160610,1.56
20160613,0.25
20160614,0.58
20160615,-0.51
20160616,0.48
20160617,-0.95
20160620,-0.32
20160621,0.56
20160622,0.12
20160623,-1.08
20160624,1.99
20160627,2.83
20160628,-1.52
20160629,-0.7
20160630,0.7
20160701,-1.01
20160705,1.89
20160706,-0.44
20160707,-0.55
20160708,-0.61
20160711,-0.15
20160712,-1.52
20160713,0.84
20160714,-0.62
20160715,-0.11
20160718,-0.69
20160719,0.65
20160720,-0.81
20160721,-0.34
20160722,0.32
20160725,-0.09
20160726,-0.25
20160727,-0.91
20160728,0.23
20160729,0.15
20160801,-0.07
20160802,0.45
20160803,-1.65
20160804,0.57
20160805,-1.27
20160808,-0.45
20160809,0.44
20160810,0.84
20160811,-0.71
20160812,-0.24
20160815,-1.07
20160816,-0.35
20160817,0.4
20160818,0.04
20160819,-0.23
20160822,0.17
20160823,-0.4
20160824,0.47
20160825,0.44
20160826,-0.47
20160829,-0.08
20160830,-0.43
20160831,0.25
20160901,0.62
20160902,0.05
20160906,-0.15
20160907,-0.63
20160908,-0.67
20160909,-0.2
20160912,-0.26
20160913,0.16
20160914,0.34
20160915,0.09
20160916,0.1
20160919,0.05
20160920,0.01
20160921,0.59
20160922,-0.2
20160923,-0.36
20160926,0.44
20160927,0.03
20160928,0.3
20160929,0.41
20160930,-0.33
20161003,-0.07
20161004,-0.57
20161005,-0.8
20161006,0.76
20161007,0.19
20161010,0.04
20161011,0.04
20161012,0.59
20161013,0.11
20161014,0.36
20161017,0.49
20161018,-0.31
20161019,-0.35
20161020,-0.41
20161021,-0.27
20161024,0.4
20161025,0.05
20161026,-0.74
20161027,-0.15
20161028,0.49
20161031,0.84
20161101,-0.29
20161102,0.19
20161103,0.86
20161104,-0.6
20161107,-0.27
20161108,0.57
20161109,-2.08
20161110,-1.93
20161111,-0.21
20161114,-1.48
20161115,0.75
20161116,0.77
20161117,-0.09
20161118,0.2
20161121,0.34
20161122,0.52
20161123,-0.45
20161125,0.09
20161128,0.65
20161129,0.32
20161130,-0.73
20161201,-0.5
20161202,0.44
20161205,-0.26
20161206,-0.45
20161207,0.15
20161208,-0.4
20161209,-0.7
20161212,0.15
20161213,-0.12
20161214,0.07
20161215,0.27
20161216,-0.8
20161219,0.14
20161220,0.46
20161221,0.29
20161222,0.28
20161223,-0.41
20161227,0.28
20161228,-0.14
20161229,0.06
20161230,-0.31
20170103,-0.59
20170104,-0.39
20170105,-0.66
20170106,-0.22
20170109,-0.39
20170110,0.72
20170111,0.77
20170112,-0.54
20170113,0.18
20170117,-0.89
20170118,0.49
20170119,0.38
20170120,0.22
20170123,0.09
20170124,1.15
20170125,0.51
20170126,0.51
20170127,0.03
20170130,-0.71
20170131,-0.71
20170201,0.44
20170202,-0.51
20170203,0.81
20170206,-0.27
20170207,-0.25
20170208,-0.61
20170209,0.47
20170210,-0.35
20170213,0.27
20170214,0.1
20170215,-0.27
20170216,-0.05
20170217,-0.41
20170221,0.07
20170222,-0.05
20170223,-0.6
20170224,-0.63
20170227,0.18
20170228,0.07
20170301,1.29
20170302,-1.1
20170303,0.61
20170306,0.07
20170307,0.12
20170308,-0.74
20170309,-0.14
20170310,-0.22
20170313,0.55
20170314,-0.12
20170315,-0.07
20170316,-0.14
20170317,0.07
20170320,0.04
20170321,-1.74
20170322,0.25
20170323,0.11
20170324,0.07
20170327,-0.36
20170328,0.38
20170329,-0.48
20170330,0.71
20170331,0
