yManufStd,yHlthStd,Intercept,Mkt.RF,SMB,HML,RMW,CMA,MOM
0.50913299,1.015614797,1,0.529323974,-0.119490187,-0.342848305,-0.446342145,0.375682644,0.249483129
0.289336495,0.941773096,1,0.15594667,0.193657513,-0.027191076,-0.409381517,0.360913575,-0.130035692
0.397550572,0.765696862,1,0.628207335,-0.787546633,0.327568728,0.867392156,0.256851843,-0.142161318
0.410325227,-0.085778015,1,0.094762147,-0.293378632,-0.626407184,0.620057472,0.213266745,-0.161971709
0.148383093,0.279059624,1,0.200440842,-0.39590462,0.251643515,0.546906697,0.257982793,-0.086892429
0.109763827,-0.743915221,1,-0.096421234,-0.515453407,0.35308217,0.153811705,-0.578055734,0.059241052
0.611825179,0.035019026,1,0.251256692,-1.187928574,-0.040684675,0.56000693,-0.212328786,0.193950476
-0.318328493,-0.045755988,1,-0.184794835,0.968813651,-0.361772218,-0.017726165,-0.386822244,-0.276305404
0.655485255,0.115052225,1,0.541232542,0.85591437,-0.223116447,0.363019073,-1.101931192,0.007805761
-0.889685968,-1.227478414,1,-0.817186015,-0.111199412,-0.046155459,-0.311611792,-0.650313245,-0.173710793
1.005110286,0.359365781,1,0.535691055,0.011026331,-0.178856049,0.338523043,0.552153092,0.499836476
-0.808378196,-1.477491268,1,-0.813787446,0.383214784,-0.077800383,-0.397314686,0.051832396,-0.260974744
-0.103861906,0.256939258,1,-0.058430213,-0.022656126,-0.330842805,0.301588852,0.272214324,0.312808931
0.791089407,0.331768652,1,0.660329417,-0.01228422,-0.406659135,0.695026161,-0.474389318,0.483874045
0.972632179,0.264842709,1,0.416172717,-0.711275809,-0.469112834,0.670627696,-0.692991224,0.480149899
-0.260796136,-0.960214116,1,-0.578356197,-0.597813046,-0.832961813,-0.397792534,0.522045047,0.32461779
-2.232502775,-1.731069385,1,-2.034857898,-1.324648928,-0.400110315,-0.69056166,-1.04512951,-0.394576057
-0.70204003,-0.341851746,1,-0.784733778,-0.886232608,-0.908918234,-0.606927103,-0.153008043,0.571067256
0.481873942,0.439257832,1,0.476305797,1.576312134,-0.71113746,-0.466875573,-2.236466185,-0.950751085
-0.63353899,-0.410282656,1,-0.343091884,-0.190077699,1.071670588,-0.605127828,1.301656658,-0.926711382
0.987461151,0.668811457,1,0.828511682,-0.599853236,-0.179220825,-0.07981327,0.170521073,1.380249439
-0.144144521,-0.202414666,1,-0.22380883,-0.169005652,-0.670388246,0.11733293,-0.108189673,0.530757874
-0.181963503,-0.086291339,1,-0.565829182,-0.456935559,-0.172876669,-0.65405617,-1.087957085,0.086481976
0.733074087,0.534101082,1,0.639070584,-0.975685823,-0.324594693,0.362598482,-1.88634796,0.348247587
1.284920616,0.736821825,1,0.940775112,0.322490457,0.060504609,0.104445699,-0.868765229,0.683020872
-0.066676874,-0.166637806,1,-0.039072605,-0.876963751,-0.68325802,-0.788472795,-0.970336204,0.67846268
0.32086253,1.062026822,1,0.808279868,1.630724902,0.061402644,-0.519470232,-0.021047147,-0.504808878
0.379643919,-0.272763453,1,0.051968196,-0.818642672,-0.351032046,-0.911269193,-1.320235933,0.841356589
-1.210747529,-1.328067625,1,-1.531019249,-0.859240326,-0.707676051,-0.325921784,0.08194654,1.176486494
0.866430011,0.367446527,1,0.770040187,0.272227421,-0.230610243,1.345294515,0.961452691,0.519757787
-0.448625409,-0.553502896,1,-0.682234153,-0.911071705,-1.1846592,-0.191328763,0.020810713,0.845094732
-0.656883861,-1.013038203,1,-1.461937405,0.481453405,0.825341472,0.903861573,0.166799372,-0.329083801
-0.627288255,0.538869806,1,0.014200401,-0.861117303,-0.344176899,0.251028107,-0.790949335,-0.254794762
0.02325865,-0.575027849,1,-0.627901095,-0.236988386,-0.103510362,1.780912201,0.139877686,0.676902597
0.562778783,1.378793526,1,1.000621079,-1.195736682,-0.290031523,-1.227055384,-0.286162105,-0.240137418
0.986783218,-0.10198258,1,0.594679896,0.280454295,0.124686629,0.375247214,-0.474220281,0.400787426
-0.480709223,-1.218721168,1,-1.061992327,-1.055446996,-0.362206664,0.435661206,-0.419600886,1.506969
0.649148102,0.126693955,1,0.399840335,1.915362176,-0.312369805,0.717754249,0.300175444,0.237609786
0.097682893,-0.648782931,1,-0.248002432,-1.011126101,0.055083211,-0.324485824,-1.23276962,0.734278534
-1.273828767,-1.142033162,1,-1.869854038,-1.367855476,0.073271567,-0.34909786,-0.69437291,0.906130792
-0.877425599,2.042921366,1,-0.486986622,-1.382648648,-0.322243953,0.369168895,1.415062246,-0.587715756
-2.425532038,-2.19871764,1,-2.036669842,0.862633761,-0.0656748,-0.525827914,0.943467543,-0.489978989
0.018595743,-1.979549696,1,0.184489399,1.155414097,1.644587378,1.605786176,1.086396084,-2.401921461
1.550458134,1.13106215,1,1.852273966,0.852422482,1.535156822,-0.329290151,0.2267743,-2.200055545
-1.086493807,-1.135394264,1,-1.699703462,0.233626445,0.04136018,-0.461108746,-0.081397942,1.458167608
0.958320661,0.355969104,1,0.417965331,-0.979032349,-0.060181283,-0.288458429,-0.155171523,0.730180832
0.452905022,-0.562990157,1,-0.030905565,-0.583297467,0.047221941,1.91426899,-0.269889272,0.063318425
-0.169298152,-0.175371817,1,-0.650967155,0.365463906,-0.619889659,0.569742715,-0.76874091,1.200512895
-0.975788398,-1.334087116,1,-1.194300655,-0.654850432,-0.250000221,1.074967919,2.026909334,1.414988941
0.341177111,-0.691671496,1,-0.232644665,0.624039896,-0.339658934,1.285107774,-0.0114827,0.882208336
-0.77141437,1.01736843,1,0.965763144,-0.648051929,0.733950707,-0.866393582,0.92129198,-2.331274509
0.597637959,-0.041233607,1,-0.332781046,1.142578113,-0.608568529,-0.79058244,-2.139048075,1.715313355
1.668873122,0.800939501,1,1.527722541,-0.113750336,-0.003542277,-0.128323151,-0.94185352,-1.077387594
-0.343921687,-0.498211363,1,-1.070378765,-0.717172612,0.147694559,0.509839934,-0.270323584,1.207979876
1.922273832,-0.282555498,1,1.44304345,0.264426438,-0.117843195,1.732109224,-0.72279166,0.059855252
-0.285917095,0.014993794,1,0.108098528,-0.470691912,-0.568555563,0.139269367,-1.092539748,-0.509809485
-0.278180427,0.129072733,1,0.378767544,-0.444130328,0.550683406,-1.619708566,-0.637602636,-0.909246816
0.31082463,-0.981966524,1,-0.634720634,0.872994863,-0.286605829,1.557190448,0.022390594,1.533282282
1.24483813,0.351234067,1,0.970228678,0.280529129,-0.318114199,0.509983151,0.416265181,-0.087964994
-0.945033335,-0.64733347,1,-1.287323246,0.930871877,-0.109993334,-0.056941975,-0.02300184,1.049167502
0.311434261,0.943795428,1,0.746222916,0.931632968,-0.330312736,-0.583028845,-0.680574549,-0.046953757
-0.531066492,-0.876560677,1,-0.981306245,1.223854897,-0.363378289,0.752196655,-1.01754016,1.05672614
0.252350485,-0.362410825,1,-0.123598852,-0.359654302,-0.625975975,1.468804061,0.990477862,1.014588308
-0.644683893,-0.719564587,1,-1.128073324,1.674728686,-0.425895356,1.163276552,-0.40435489,1.482931535
-0.779400124,-0.24695014,1,-1.302492838,-0.588526686,-0.4763284,1.278476756,-0.344525032,1.532290455
-0.719646553,0.751420142,1,-0.799895468,-2.524869262,0.378475193,1.261167177,-0.139449663,1.064815136
-0.589231465,0.711821874,1,-0.558767258,1.613968919,-1.506607203,-0.221729733,0.37401999,2.090125512
-1.187687141,0.992187143,1,0.563571242,1.206663948,4.008871628,-1.459749031,1.197427278,-3.680397373
-0.665924695,0.477176354,1,-0.074571724,2.275914013,0.168501084,-0.024910904,-0.507339271,-0.992037789
-0.008356571,-0.458795173,1,0.088353322,0.199631257,1.799505114,-0.640772386,-0.067800648,-0.862455387
-0.31303571,1.834566716,1,0.911380246,0.63808349,0.413427102,1.13493206,1.938416197,-1.8586624
0.01885477,0.198441212,1,0.176243614,1.99639714,-0.286507167,-0.437715248,0.29772621,-0.28716105
0.670614899,-0.488436562,1,-0.319633753,-1.25677685,-1.030056152,1.930162455,-0.581567789,1.641883177
-0.159484537,-0.822511096,1,-0.250926463,0.590308082,1.496930799,-0.890120603,-0.050206597,-0.679746256
-2.122906454,-1.170048757,1,-1.261873619,0.753082156,3.085273532,-0.09519613,2.395580044,-1.396880015
0.202675636,0.321315456,1,0.117530147,-0.362493031,0.405025092,3.4668292,2.103948719,1.06999173
0.132811178,-0.791330175,1,0.269899945,2.210529617,3.802449434,-4.129508567,-2.179891951,-1.384408134
-1.661095499,-0.403449202,1,-1.592972366,-2.470547645,-1.519404562,2.247433059,0.301374302,1.234131026
-4.198227163,-2.195410579,1,-3.723656217,-2.179753593,0.767846208,-0.034027466,2.895958219,0.681148003
-7.471150819,-7.728798701,1,-6.92016148,2.939601518,-2.939408783,2.006757935,-0.074672322,2.908012963
1.930166595,3.313001375,1,1.696117917,-3.340239465,0.260573663,-0.985083891,-0.186683097,-0.22700647
-1.888490714,-1.652566017,1,-2.824820141,-3.035356902,-0.894305935,2.982336464,2.275342053,2.106678938
4.301016263,2.674818127,1,4.044890866,2.14025206,0.364850092,1.614972586,-2.709857627,-1.343830154
-1.124349824,-0.733336233,1,-1.590120341,-1.784715534,-1.134840267,0.180408587,1.27308771,0.851016961
-1.686391221,-1.278671144,1,-2.524201139,-2.51102115,-1.962360203,3.775824864,1.553341093,2.809016883
-1.902727673,-3.735163183,1,-3.397350967,-1.014330047,-5.99915454,6.863377542,4.55684504,5.04835223
3.571570051,2.310482499,1,4.741244086,1.614314081,5.870783417,-4.290128461,-3.331804827,-6.333223054
-2.645948848,0.184853085,1,-0.873637948,0.121090679,2.149555084,-1.098638326,1.681507299,0.357882546
1.585461385,0.043911129,1,0.184150143,0.559016494,-2.262949433,0.023805797,-3.09577379,-2.08097276
-0.473986162,1.520774522,1,0.454085752,1.560505693,0.164131537,-0.1244366,-1.043327362,-1.176298702
-0.368198868,-0.384877148,1,-0.685440182,-0.08037279,-0.599077441,0.806010806,0.637306807,1.390996467
2.825359652,1.85798971,1,2.546401944,-0.380516959,0.872495048,-0.658894268,-0.459332949,-2.493468475
-1.203088969,-1.50752744,1,-1.625295223,0.325229224,-1.306402807,-0.977289571,0.253035936,-2.814026013
-1.230467811,-0.125642091,1,-1.681510982,1.168988822,-3.816328019,1.332008928,1.787885452,3.948741855
-0.506970981,-0.363905681,1,-1.026179242,-2.138807238,-1.425833319,0.391489124,-2.11716062,0.025944226
-0.436953889,-0.110168949,1,-0.287274396,0.057875039,-0.750801288,-0.499469294,-2.105620989,-0.188004407
1.662107357,1.684200849,1,1.992423794,0.558872801,-0.853481352,0.199289637,-0.581655027,-1.478063923
-1.897517312,-1.003360056,1,-1.742857961,0.040273738,-2.129243227,-0.144754913,-1.945256916,0.619422767
-2.881197122,-1.43330939,1,-2.679305545,-0.977968981,-3.726011238,2.964375158,0.284536934,3.518482499
-1.665640734,-4.330254123,1,-1.666326894,-0.725476834,1.999355377,-1.05368336,0.474825995,-0.48047898
-2.579864453,-1.313530466,1,-2.742184171,-1.874549942,-4.518008801,0.185831844,-0.17833123,3.150635432
2.513822877,3.765269928,1,4.011845724,0.590881464,5.337474168,-3.527128926,-1.758522968,-4.874787346
1.041995608,-0.714235816,1,0.608872122,0.620148811,1.513986535,0.337298904,-0.096065844,-2.010518398
1.923280329,1.3139758,1,2.378298118,0.519654343,2.59453751,-2.092473471,-0.140306799,-3.589398658
1.253247586,-0.932791784,1,1.263760028,2.166507936,0.288580089,0.942369884,-1.252147281,-2.085124486
0.104694924,0.156131812,1,0.606023551,0.74806248,2.322930115,0.410675144,0.078098899,-2.892633252
0.21506399,0.638543675,1,0.534039657,1.212986482,1.344848606,-0.697144734,1.079480572,-3.171991528
0.183533592,-1.439231686,1,-0.23462649,0.859876251,-1.232578789,1.36723214,-0.243399017,-1.361012499
0.950267144,0.448071242,1,0.564440761,0.198243603,-0.846753862,-0.867484679,-0.386232236,-1.462248273
2.131184658,1.929275209,1,2.087701402,-0.895314944,4.872263844,-0.500760707,-2.292314133,-5.366247549
-2.17578393,-0.429635652,1,-1.999973401,-1.190673838,-3.548152866,0.298930726,0.901639479,3.711838839
0.437735106,-0.051304941,1,0.210093469,-0.123025279,-0.408098333,-1.324454851,-0.285580703,-1.380094911
1.313785817,1.003917722,1,1.347390873,0.822893256,-0.280540891,-0.360879049,-1.378874878,-1.025066024
1.126817314,0.062260204,1,0.922667815,2.69980529,-0.727466293,0.22398503,-0.958593282,-0.534526982
0.406322192,0.057669603,1,0.163898292,-1.007691121,0.07837515,-1.279354309,-0.109230438,-0.980827729
-1.939143541,0.486968975,1,-1.093990037,0.049551546,-0.666877234,0.287574254,0.139473627,2.42544439
-0.518669358,0.641530443,1,-0.088659176,0.723217967,-0.369585886,-0.792627197,0.223819699,0.727016946
-0.868128953,-1.18588757,1,-0.93762362,-0.134268782,-0.428419979,0.632884414,0.798373179,0.462640483
-1.025641241,-0.49116209,1,-0.885533862,-1.030386905,-0.943952754,0.662460597,-0.9578311,1.382510487
2.655337609,1.409839029,1,2.621589415,0.588081614,2.37222887,-0.1893391,1.626497215,-1.213027235
1.967739069,2.297989309,1,1.60778751,1.169294944,0.736317837,0.198358641,2.455691647,-1.598603297
-0.08997509,-0.131184008,1,0.288525658,0.640433007,1.615207643,-2.126202998,0.683176098,-1.136044707
0.365015247,-0.35539465,1,0.878639557,0.065195825,3.55736051,-2.521545414,1.745933083,-2.517474106
-0.228184329,-0.000968828,1,-0.300486864,-0.440371214,0.306071107,-0.258410139,0.096688997,-0.459535186
0.862375409,1.123695225,1,0.7598748,0.880597831,0.462134083,0.065592022,0.684024277,-0.28838456
-0.135695841,-0.088326643,1,0.008296395,-0.046088681,1.015588287,-0.864757607,2.130844701,-0.613222425
-0.59319894,-0.301595736,1,-0.477014423,-0.203462822,-1.268225199,0.823445385,-0.183526505,0.503343356
1.304299913,0.483142031,1,0.996953092,1.430716803,1.059728624,0.299946318,0.493418128,-1.086173774
1.188601789,0.250374251,1,0.92185498,1.189739462,1.287911301,-0.997415884,0.16931065,-1.325752762
-1.042113368,-0.456264903,1,-0.943303241,-0.639711392,-1.185183052,0.533245742,-0.489406164,0.45016992
-0.959384392,-0.483561144,1,-0.782063879,-0.96911773,-0.479451689,1.123384673,-0.197064193,0.443301672
2.025991862,1.041605109,1,1.738733049,1.214060248,1.763427543,0.368842334,0.198600646,-0.06733584
0.917257868,0.385826896,1,0.465683282,-0.613676322,-0.296029806,1.365309026,-0.271363313,0.082994979
-0.298993246,-1.10164742,1,-0.39530152,-1.35954364,-0.869137756,1.778320077,-1.574629725,0.185317994
-1.777891092,-1.432361257,1,-1.764346057,-2.392855055,-2.253211187,0.935645914,-0.475433723,-0.91258714
1.215386074,1.520886465,1,1.216795341,0.06679133,0.069555178,0.656903696,0.447904922,0.747168579
0.473745872,0.758064963,1,0.743619017,-1.182834702,0.524162683,0.308190712,0.728072488,0.503000295
-0.193522904,0.620623042,1,-0.137015195,-0.171410872,-0.27577331,-0.177799493,-0.080175357,-0.683645451
0.094670891,0.373823542,1,-0.09616045,-0.754621764,-0.727898923,0.830666457,-0.634857947,-0.264634308
0.271007209,0.490397976,1,0.537150526,2.176957841,0.387430407,-0.708624025,0.771313726,0.082269818
0.052942335,-0.035524639,1,-0.017163111,-0.133079054,-0.002690864,1.112622059,0.198626935,-0.067846388
-0.005739642,-0.202418084,1,-0.065315045,1.499159341,0.248287848,-0.573976256,-2.583143927,0.597679317
0.780471177,0.682241208,1,0.83110447,1.338604534,0.02900624,0.263633511,0.580353452,0.667440388
-0.548442639,-0.421431472,1,-0.444832128,-0.308868892,-0.078217328,-0.764720785,0.302039286,-0.232317133
1.343473586,0.608867095,1,1.035226564,0.654981328,2.437077829,-0.900825181,0.609202503,0.270379884
-0.480957916,0.505669546,1,-0.410988187,-0.170218902,-0.950339654,0.482204228,0.711867647,-0.766302088
-1.549819391,-0.920334546,1,-1.429852634,0.340554168,-1.180721333,-0.38831691,-0.81092283,-1.162193707
-0.897600142,-0.55511847,1,-0.711623339,-0.662969711,0.046550901,-1.220402906,0.317024041,-0.595843876
-0.338419237,-0.744270586,1,-0.370759533,-0.686796603,-0.023319338,-0.045664398,1.519581995,0.208794157
0.559083386,0.205913988,1,0.47776223,1.816255885,0.472954812,-0.277191575,0.90387724,0.991957225
1.285330197,0.832497709,1,1.144108456,0.169289392,1.040718657,0.300709057,-0.181316676,0.315769416
-0.557809601,-0.491555185,1,-0.201644926,-0.227743136,0.545861062,-0.828136559,-0.312966214,0.198646602
1.251332029,1.020108231,1,1.250432996,2.168726038,0.767259921,-0.226061967,1.834428693,1.043750672
0.142191816,-0.010968429,1,0.383541789,0.359480885,0.300815593,-0.595896154,0.684165617,0.416279387
-0.182857448,0.361203182,1,0.166721103,-1.063943665,-0.447714083,-0.201661489,-0.387962455,-0.903543903
-0.186674444,-0.371958902,1,0.189359574,0.105986168,0.7976775,-0.654653081,0.449405035,0.9274095
0.831346813,0.37714473,1,0.324747889,-0.128628643,0.446446238,0.644850868,0.169134614,0.217122562
0.467165301,-0.239468117,1,0.558970203,1.061000778,1.401946058,-0.582086099,1.155244689,0.466172274
-0.150206668,-0.348370539,1,-0.025658337,2.035327401,-0.29649456,0.176696388,0.564130461,0.135744184
1.145131392,-0.588200668,1,0.769057059,1.474904557,1.119132098,-0.018720619,0.331271486,0.661139329
-0.944170023,-0.424590477,1,-1.058050535,-0.653022327,-0.90550595,0.997561834,-0.204057129,-0.43924229
-2.655606298,-2.17470034,1,-2.648077371,-2.047680321,-1.436260397,0.951355587,-1.148076989,-1.086046482
1.00858917,0.33927461,1,1.000248451,2.991824325,0.099375927,0.004391203,-0.065309683,0.929948979
-1.848597854,-2.0140451,1,-1.770937346,-2.05738227,-0.684934263,0.085353066,-0.270649371,-0.741367986
0.159381264,-0.089187735,1,0.175796927,1.269117002,0.614456719,-0.219114093,1.330310497,1.193284156
-1.136667906,-0.772940746,1,-0.989906095,-1.426674601,-1.32069418,-0.067415891,-1.160214745,-0.404828189
1.331542042,0.824593224,1,0.87276673,-0.402895864,-0.071207777,0.988905568,0.312407036,0.152125793
0.967610369,0.799817105,1,0.850809311,0.266431988,0.248182254,-0.56914261,-0.299664566,0.411915055
-1.615037955,-0.793960391,1,-1.407299337,0.095105688,-0.249442817,-1.815491611,-0.912670799,-0.269374389
-1.843221337,-1.515799209,1,-2.066805812,-1.325099298,-1.996961677,1.522195571,-0.606514349,-1.347226029
2.076242413,1.435382582,1,1.990590611,-0.598307289,0.722169821,-1.606994059,1.487815061,0.731747193
-0.613345128,-0.817867195,1,-0.582048119,-1.041348078,-0.681362666,1.700342306,-0.425942626,-0.645726924
1.701465502,0.013741327,1,1.427362009,2.194676467,-0.079403598,-1.084529336,2.73818201,0.650850758
-0.116920168,0.265727988,1,-0.114040358,0.145437731,0.574913656,-0.05817521,-0.665363987,-0.095332372
0.728060855,1.520986334,1,0.575235566,-1.31058303,-0.406765074,-0.459383305,-0.273613378,-0.118219235
-1.334789478,-1.067088146,1,-1.594539077,-2.055927971,-0.388254145,1.851691005,-1.553812436,-0.090814402
-0.38429724,-0.559690429,1,-0.225234626,0.642918323,-0.594812907,-0.165985562,-0.051931245,0.4124818
-0.046251043,-0.345800747,1,-0.254854706,0.888860527,-0.104180175,-0.781360738,-0.694438093,0.034391773
1.235165555,0.959058502,1,1.399392454,0.196833964,0.477655967,-1.070571868,1.536744591,0.543736771
-0.040033832,0.664021483,1,0.04996407,-1.081401759,-0.093062177,0.287424238,-0.752890345,-0.158333733
0.210063263,0.481440075,1,0.578060589,0.775273292,-1.128185187,0.55848876,-0.811401108,0.177908082
0.76318445,0.85550742,1,0.759785724,0.822462915,-0.509620569,-0.072208099,0.240167675,0.229488954
0.323703674,-0.245989988,1,-0.01968656,1.214767424,-0.053568354,-0.336433333,0.66935981,-0.311118317
0.847126469,0.487317552,1,0.582101081,0.467725932,0.123868278,-0.459317936,1.081617648,0.085954946
0.323815643,0.293241352,1,0.321096098,0.780367062,-1.292145045,1.075605344,-1.190843166,0.275952126
0.006527049,-0.064747465,1,0.110837745,-0.542872352,0.19723268,0.435054391,-0.226893695,-0.052998827
-0.13915554,-0.270844657,1,0.027378844,-0.146831197,-0.676438119,0.005094983,-0.430439323,0.225672845
1.289679386,0.108413873,1,1.331053319,0.799210606,0.968793448,-1.206274457,2.365483995,-0.205436928
-0.360271992,-0.905992055,1,-0.827051689,0.057986665,-0.357589266,1.061765507,0.256730732,-0.063244188
0.182725084,-0.010812175,1,0.033287274,0.524227158,-0.362445528,-0.006643708,0.419378177,0.599085241
-0.323021256,-0.469525372,1,-0.255530897,1.549421324,-0.953540198,0.33693812,-0.81137468,0.874832986
1.219120904,0.391190265,1,1.075982873,-0.136852393,0.715623559,-1.410008889,2.248551465,-0.130431176
0.140078222,0.387950879,1,0.502782548,0.962495573,0.939197875,-1.300148321,1.34663316,-0.291942737
0.252635384,0.975786531,1,0.075910649,0.076381675,-0.494496738,-0.325727913,-0.006009825,-0.279643961
0.485473185,-0.046704851,1,0.333245447,0.094065377,1.001775588,-1.118990319,0.757280289,-0.343529044
0.023579704,-0.420954296,1,-0.048719605,-0.475457952,0.410092773,-0.422534423,0.184802878,-0.157686027
0.2041263,0.483936359,1,0.373225155,-0.48330412,0.268336596,-1.058118103,-0.1230022,-0.249097756
0.775804884,-0.099579303,1,0.60989595,0.582780201,0.301148755,-1.63216841,0.993617107,0.093624343
-0.357941485,-0.294532233,1,-0.540295965,-2.583867931,0.222268134,2.064017936,0.093805983,-0.718810424
0.172104558,-0.842799302,1,-0.205368027,0.523849203,-0.046588392,-0.263905086,-0.051407006,0.453694045
1.07418009,0.810545553,1,0.991069849,0.341979001,-0.496068143,-1.032798538,0.625280896,0.511561036
0.376518792,-0.012728948,1,0.571399244,0.848460718,0.466148457,-0.546277689,0.99274664,0.603284599
0.636056449,0.535615655,1,0.352068557,0.44921552,0.391241046,-0.520902504,0.610094751,-0.024653618
-0.300139137,-0.614359716,1,-0.722832334,0.001187057,-0.022129932,-0.489612049,-0.711758236,0.005602305
0.133905052,0.865120833,1,0.004233948,0.233266165,-0.369027275,-0.20336268,-0.87031231,0.474667569
-0.904750488,-0.48326144,1,-0.605051993,-1.148365099,0.613024884,1.370068798,-0.857354673,-0.808058327
-0.275377764,-0.642693323,1,-0.75493772,0.64457623,0.13588336,0.103929127,0.978509695,0.252429476
1.208283532,0.673028857,1,1.057653843,0.954328674,-0.707800719,-0.508431619,0.462990942,0.99511821
0.646128691,0.757196507,1,0.543723604,0.981399581,-0.242489358,0.374465419,0.111429701,0.33648837
-0.217858911,0.229547602,1,-0.174788036,-0.187841759,-0.091814171,0.411963682,0.081130583,-0.426677852
-0.639066542,0.690753132,1,-0.324066225,-0.288922879,-0.733550484,0.902874953,-0.708866217,0.060102093
0.620379452,0.045627324,1,0.450154211,0.026508014,-0.720724405,-0.227100819,0.09613811,0.574270526
0.710079313,1.150103449,1,0.703012944,0.045370408,-0.134690814,-0.398005994,-0.827015837,-0.119361076
-1.44837007,-0.092700777,1,-0.776725588,-1.5413698,-0.230271091,1.76846678,-0.75259972,-1.050484624
-0.231344046,0.574147477,1,-0.085338521,0.402993372,-0.858877903,1.211476635,-1.160276999,-0.068254468
-0.011145327,-0.277837946,1,-0.204956962,-0.585589114,-0.034462155,-0.165756197,-0.167589458,0.225459951
0.221375148,-0.243308553,1,-0.057011323,0.851058577,-0.166681643,-0.362684506,-0.050406992,0.608708311
-0.857195287,-0.781964556,1,-1.015327528,-0.755021841,0.010613311,0.052371944,-1.263902464,-0.031586772
-0.751662593,-0.869814612,1,-0.967625137,-0.778759058,0.035276927,1.125139008,-0.898222571,-0.234666108
-0.282217201,0.037059902,1,-0.065572362,0.114659934,0.580441485,1.336724075,-0.549922327,-0.474799276
-0.042920844,-0.102971059,1,0.019585724,1.849978841,-0.696801985,-0.030640361,-0.07945255,0.817942981
2.096223704,1.495781599,1,2.061583719,-0.063954872,0.002165005,-0.361496655,0.741380046,0.870751887
0.146844582,-0.010621688,1,0.13536972,0.790335499,-1.06599591,0.879277679,-1.466574123,0.657595651
-0.404871035,-0.707501652,1,-0.883766782,-0.287872601,-0.161536277,1.087692574,-0.492218208,-0.032850694
0.626004676,0.199155738,1,0.722351296,-0.582621785,0.002215499,0.163228234,-0.830451386,-0.025327322
-1.695498288,-1.938197727,1,-1.634216733,-1.065353629,0.423001852,0.704826303,-0.140019872,-0.452722729
-3.234961309,-3.443123309,1,-3.018051644,-1.994325417,-0.047563391,2.674667837,-0.474518108,-1.107093032
-0.334542743,-0.39526752,1,-0.675717827,-0.95546845,-2.042677995,1.300190624,-1.814448672,1.476861349
-1.887432907,-0.92335782,1,-1.988739014,-1.231930492,1.161037105,0.423337198,2.428088861,-1.622364445
1.630441207,1.557313121,1,1.844934922,0.830157255,-0.736836525,-0.057681138,-0.962475135,1.075684818
0.058759891,0.13920992,1,-0.144981432,-0.779375036,-0.707782343,0.079256353,-0.094570299,0.558719043
-0.680097947,-0.513043052,1,-0.657778201,0.228523575,-0.145694213,-0.455590606,-0.371892571,0.234132628
1.634908591,1.474353991,1,2.020571305,0.140161578,-0.187599234,-0.83830108,-0.795349235,-0.040571993
-3.272054928,-1.943060396,1,-2.645792277,-1.407478149,-1.060252053,2.412085063,0.459973862,1.057385357
-0.090376634,0.303548974,1,-0.297194024,-0.672237112,1.580977822,-0.688102926,1.21122451,-0.710057769
0.87942913,0.215527572,1,0.803654014,0.166743718,-0.983760997,0.781910848,-0.562962969,-0.094580083
2.371089516,1.372560665,1,2.329094862,1.700222716,-0.143143768,-1.060074043,-1.6564474,-0.421760961
0.77311788,0.15498321,1,0.295136962,-1.162637926,1.376762362,-1.119716955,1.61220321,-0.664798599
1.529676941,1.112579938,1,1.493786287,2.115258424,0.246241384,-2.502478924,-0.754242092,-1.624915686
-0.693473087,-1.29231801,1,-0.933354412,0.669348814,-1.041030186,1.686103209,0.023754282,1.05061783
0.252977654,0.716746196,1,0.171377955,-0.773588857,0.375437613,1.122583066,1.300725726,0.314064362
-1.408283705,-1.515914524,1,-1.467284405,0.363730013,-0.057379594,1.015592568,1.004558151,1.067858908
-1.998334577,-1.458408715,1,-1.916845737,-2.112778147,-0.275145245,0.693197346,0.345087008,1.01142068
2.949203054,2.399380244,1,2.865181216,1.745151994,0.32679548,-1.709475086,-0.228792597,-0.805419238
0.024982793,0.37581145,1,0.258365166,0.41575374,0.126293704,-0.049904502,-0.052400103,-0.075904703
-1.286892093,-0.120298478,1,-1.158703569,-0.299038605,0.401364289,1.248911063,2.291465279,1.193407009
1.549977792,1.531450876,1,1.331564183,-0.313732495,0.920331748,-0.993042533,0.958293096,-0.388975898
-0.23163738,-0.106534451,1,-0.297773971,-0.130771051,-0.293304131,0.423542871,0.155073002,0.212843687
0.429244199,0.122166269,1,0.584686166,-0.491062895,0.53591747,-1.095889156,-0.342417054,-1.23038131
0.090185567,0.575719505,1,0.381830137,0.698716052,0.161580494,-1.635517056,0.87571936,-0.882835053
0.589279394,0.396548646,1,0.748837619,0.457619462,-0.074452176,-0.242337075,-0.941789599,-1.073118326
0.04357267,0.131309384,1,0.067484721,1.346300096,-1.040576821,0.016177766,-1.523645196,-0.460397729
0.554099815,0.552690399,1,0.889301994,1.2932814,0.269947067,-1.571710163,-0.079803089,-0.711150502
-0.060770281,-0.587857147,1,-0.15646977,-1.340409434,-0.224013982,0.596062517,-0.03527849,0.32650649
0.612952204,0.274701721,1,0.542033165,0.297403517,0.275796201,0.053803976,-0.035892756,-0.293945634
0.266393778,-0.099955634,1,0.038217579,-0.479019548,-0.634473679,0.39739489,-0.679626545,0.304655121
-0.415860376,-0.094732561,1,-0.04674559,-2.654645333,0.289454254,0.584524814,0.963325644,0.415554452
-0.144681925,0.042017328,1,0.056680146,1.371400505,0.035204506,-0.17921896,0.404175837,0.530551648
0.479334235,0.635743084,1,0.811029465,-0.549167857,0.989336134,-1.244683382,0.184654605,-0.836489337
-0.718682249,-0.176486158,1,-0.229284525,0.496242465,-0.174066755,0.237853931,-0.533348311,0.521080891
-0.0005122,0.748697979,1,0.221932166,-0.558308436,-0.255565892,-0.005898199,0.550982531,0.399969199
-0.470000389,-0.221129922,1,-0.337081908,-0.590025545,-0.437932001,0.892486451,0.036231957,1.107991778
-0.786250052,-1.357897859,1,-0.843069153,-0.214303828,-0.067345747,0.677288977,0.434215604,0.229303417
0.344670386,0.812972075,1,0.148357218,0.15918529,0.267731389,-0.007481299,1.343142653,0.269663541
0.548638596,0.749475757,1,0.651947365,0.621605306,-0.065337813,-0.46115059,-0.744715511,0.109640747
-1.06128948,-0.839512439,1,-1.086174379,-1.329149225,0.116964002,0.978065359,0.963411771,0.611626906
-0.460589792,0.209767368,1,-0.44053814,0.649724413,0.164294411,-0.471389507,1.301642102,0.643118527
-1.704185688,-1.242099969,1,-1.764221793,-0.458950273,-0.091609997,1.447203012,0.97831555,1.112099768
0.614311615,0.388263584,1,0.680651822,0.412714641,-0.661573979,0.19015328,-0.08419864,-0.152727118
-1.292752388,-1.258436623,1,-1.268156091,-0.43379759,0.326969315,0.249963475,0.287571694,0.229607151
1.243185839,1.231847745,1,1.359382057,0.201050534,-0.091471321,-0.875784413,-0.373172077,-0.303354556
0.248248808,0.765025692,1,0.345762574,-0.697957543,0.448394411,-0.178897802,0.475843142,0.05992336
-0.790090744,0.534473581,1,-0.195162644,1.013306649,-0.206343667,-0.679407655,-0.009637456,0.131359598
1.089190128,0.867234634,1,0.736485686,0.707340598,0.014280053,-0.388122488,0.165676042,-0.458996971
-0.128764763,-0.157318604,1,-0.166201202,1.195380409,-0.282404887,0.570189662,-0.041505509,0.504661189
0.031896579,0.330824364,1,-0.082166852,-0.875362901,0.329293132,-0.348700397,0.66963049,0.851945379
0.516805214,-0.030870299,1,0.038677151,-1.300734463,-1.023820061,0.595803951,-1.487548671,-0.138575674
0.403863962,0.764483329,1,0.484598943,-1.011283619,0.55058091,-1.020805093,0.608935336,-0.099486796
-0.078056471,-0.589595164,1,0.003115352,-0.975720403,0.651370085,0.348555307,0.448482913,0.166402175
0.665679128,-0.04553675,1,0.456723178,0.630685752,0.562874305,-0.152996932,-0.872116223,-1.372035596
0.172777026,-0.102706589,1,0.3638561,0.944945019,-0.10934686,-0.0425365,-0.240640872,0.191828325
-0.426594943,0.188468966,1,-0.271083042,-0.957736548,0.154343863,-1.019755834,0.051960572,0.149108306
-0.268727734,-0.058600172,1,-0.134155014,0.324328939,-0.046097071,-0.446202667,-0.167964654,0.296045765
0.8206671,0.948756633,1,0.911493454,0.780029747,0.817280184,-0.519787034,0.405403768,-0.671187312
0.877339056,0.183957835,1,0.730727504,0.631483959,1.17060499,-0.862219243,0.226904024,-0.912708943
-0.502355841,0.771846482,1,-0.246764307,-0.392814119,-0.708728861,-0.189453792,0.595604172,0.751588689
-0.518526117,-0.247285131,1,-0.602577409,-0.564295513,-0.236464349,-0.029946981,0.946890013,0.296154617
0.201035609,0.91810225,1,0.491094794,-0.827022972,0.933175495,-1.093163852,2.041802355,0.429874412
-0.656973576,-1.152557284,1,-0.903509047,-0.055754321,0.374455121,-0.007666715,0.345891949,-0.426448206
0.574748062,0.168090755,1,0.03761718,-0.87607104,1.110542993,-1.21624848,1.135765256,0.03921332
-0.684420155,-0.700014911,1,-0.581939494,0.530267354,-0.237427687,0.116306083,-0.459689652,0.096450883
-0.067349441,-0.496459455,1,0.041992419,0.208133651,0.518722602,0.572007723,0.845638721,-0.382258557
-0.870543295,-0.777451927,1,-0.951917755,-0.112089012,-0.494932767,0.005771097,0.462562251,0.141386421
-0.504679226,-0.338961409,1,-0.620809671,-0.891502205,-0.166598916,-0.153426544,0.404062428,0.14740957
1.100647228,1.289773656,1,1.353236585,0.334115177,0.093220699,0.299783047,-0.020484721,0.232353426
0.204467284,0.117862013,1,0.247574702,1.147242446,-0.217185716,-0.483601313,-0.416967277,-0.122229802
0.19509273,0.096653149,1,-0.015122533,-0.409944738,0.855018163,-0.692012186,1.403960862,-0.663619001
-0.076328036,-0.117741703,1,-0.118894333,0.455942958,0.524692949,-0.983437922,0.624252357,-0.588468923
0.486285852,-0.183480756,1,0.469064778,1.030872347,0.823083086,-0.75372358,-0.987596383,0.081601815
-0.834919546,-0.921686338,1,-0.779720882,0.077476064,0.099183973,-0.152579855,0.53749276,0.232889444
1.786694932,1.905388267,1,1.765635308,0.674465756,0.49931194,-0.949974957,0.257260026,-0.150306432
-0.092512523,0.832218508,1,0.102776732,-0.318464388,-0.476959874,-0.446489536,-0.561913413,0.283962778
0.550803336,0.181085735,1,0.314246377,0.391907415,-0.033591904,0.080340094,0.948814401,-0.216744714
0.554110496,0.544755092,1,0.41808446,0.110540483,0.066968293,-0.641680971,0.373744063,-0.308199511
0.227414847,0.37188783,1,0.220519031,-0.15887414,0.691106805,-0.86152811,0.41956536,-0.063582097
0.05438507,-0.121595719,1,0.106171852,0.06163948,0.016909488,0.031300184,-0.825426663,-0.200845442
0.003864601,0.002863594,1,0.019912492,0.508489674,0.760114984,-1.397829833,0.859434066,0.205657824
-0.208370079,0.016462858,1,-0.200244609,-0.425989632,-0.362843719,0.117075571,0.845676918,0.059471933
-0.047819402,0.267376606,1,0.009770116,-0.49016947,-0.646184672,0.28666513,-0.270429082,0.835196272
0.643992748,0.907643264,1,0.874096276,0.482359663,0.460485315,-0.727815438,0.727762202,0.266286777
0.283434915,0.084384504,1,0.191213536,0.441510495,0.620357967,0.719766629,0.478549655,-0.561604944
-0.262886327,0.19475254,1,-0.147564563,-0.137177515,-0.468974069,0.288064594,0.654175223,0.400433871
0.197614195,0.950239391,1,0.255968403,-0.252455265,-0.481558854,-0.03023451,-0.151981506,0.41613436
-0.642818146,-0.046173279,1,-0.593776546,-1.588722545,0.06065967,0.300322854,0.978313091,0.157195568
0.520604969,1.39095023,1,0.841278556,-0.055943348,-0.12300684,-0.446437807,0.255855426,0.228939965
-0.88641033,-0.004802241,1,-0.918935041,-1.234120891,-0.387842032,-0.070299799,0.639999699,0.712624332
0.657388878,-0.346983268,1,0.667515399,0.580920324,0.936033105,-0.28908719,-0.460729491,-0.456770775
0.72880811,-0.06894383,1,0.713523478,0.115730695,-0.065362651,-0.411148795,-1.842851727,-0.54322534
0.258659075,0.305244393,1,0.486957298,0.640770771,0.370130176,-0.619123224,-0.021056792,-0.122756423
0.671846947,0.640022824,1,0.750938904,0.036762307,0.390735276,-0.7161223,-0.051416123,0.175944483
-0.437179485,0.048315414,1,-0.471073648,0.182044134,0.155854511,0.768890701,0.639367267,-0.273234474
-0.534075575,-0.882061314,1,-0.350535359,1.030193471,0.683310044,-0.923567554,-0.853845401,-0.099573937
0.184231352,0.320869859,1,0.209687719,-0.309941457,-0.122428288,0.004245228,0.022883661,0.036643698
-0.383388893,-0.144721405,1,-0.417020819,0.42402595,-0.351286172,0.26313888,0.434176834,0.094096182
-0.841605348,-1.297340902,1,-0.857367337,0.533244298,0.251534395,-0.641874189,-0.869206741,-0.32401084
0.246060021,0.156922417,1,0.361626089,0.412305411,0.196979774,-0.472451609,0.403514513,0.338807881
0.468424187,0.763111565,1,0.636387964,1.089228781,0.124138098,-0.655107656,-0.02026023,0.415838751
1.020300831,1.608713,1,1.083354151,-0.062220094,-0.313175512,-0.888064827,-0.18153205,0.22913664
0.485339838,0.35352105,1,0.210304239,0.449725277,1.182884784,-1.15496022,1.55381481,-0.048053858
-0.226636087,0.329099053,1,-0.01886891,-0.229524212,-0.123045464,0.039495234,-0.284940455,-0.023613447
0.373670484,0.294810403,1,0.484603008,-0.112116531,-0.601546433,0.116541514,-0.707560844,0.558539866
-0.299338736,-0.674193612,1,-0.440965192,-0.096708545,-0.286141025,0.879640318,-0.167035662,-0.307224485
-0.801770268,-1.481884375,1,-0.841673196,0.059876364,0.263997076,-0.030047553,-0.400782769,-0.38290273
0.168827954,0.347923908,1,0.173058145,0.612514772,-0.727931103,-0.07006529,-1.45131371,0.240723403
-0.532098491,-0.527365221,1,-0.77643205,-0.516417911,-0.833397362,0.150786714,-0.95594327,-0.082195212
0.358719706,0.783171371,1,0.506269704,0.194133709,0.206974038,-1.361132902,-0.444911241,0.502525035
0.692742088,0.783924937,1,0.756202074,0.176170281,-0.204534134,0.239549448,0.213721616,0.260751209
0.360659751,0.645574978,1,0.457549623,0.324163202,-0.376484731,-0.385727273,-0.70958883,0.118072429
-0.214729086,-0.715168742,1,-0.357220602,0.923503875,-0.351969156,0.334913122,-0.99986239,0.363348991
-0.112187379,0.385005549,1,-0.003570681,0.291397133,0.131134642,-0.373294746,-0.255191319,0.403883546
0.366151908,-0.484984208,1,0.145978144,-0.115174709,0.861903327,0.975975097,0.97599717,-0.269859423
0.741129726,1.367316078,1,0.897489662,0.061044121,-0.001811582,-0.5827507,-1.247865098,0.587790916
0.24983819,0.117599701,1,0.209924062,-0.194820901,-0.217251827,1.732343057,0.668935079,-0.479554952
-0.145007461,-0.118884167,1,-0.111119775,-1.423046123,0.117206663,1.721020346,1.391922652,-0.166661087
0.18039371,-0.117128155,1,0.11834985,0.137924281,0.460633774,0.1394107,0.404560101,-0.206405392
0.475090307,0.828958472,1,0.583119154,-0.063428766,-0.583435465,0.1144638,-0.166898232,0.260795876
-0.019443119,0.652682867,1,0.074282768,0.223486274,0.518513676,-0.142491326,-0.153094462,0.035543756
-0.343975573,-0.02356618,1,0.069469681,1.281287295,-0.337133856,-0.287554887,-0.490005288,-0.071747207
-0.068196337,-0.071797892,1,-0.08551216,-0.797725782,-0.066632833,-0.434889494,-0.228076151,0.082128305
-0.569941204,-1.252942859,1,-0.618992761,-0.558017062,0.289810162,-0.154966699,0.31699322,0.160836928
0.886054566,0.911554373,1,0.913566312,0.823979756,-0.216979761,-0.45862554,-0.300313198,0.150178719
0.476520291,0.26447259,1,0.452631379,0.16808072,0.004113899,-0.030165385,0.434144124,-0.374575982
-0.430723234,-0.076072065,1,-0.221584636,0.003306732,-0.040006382,-0.715880016,0.111332528,0.059435211
0.102119002,1.432069847,1,0.191018973,0.299245619,-0.878414553,-2.173615915,-1.49526585,0.670452369
-0.23016437,0.387483617,1,-0.108607452,0.392517293,-0.438981867,-1.020171001,-0.271885148,-0.138986141
-0.954796958,-1.235435479,1,-1.052281334,0.325016255,-0.040740542,0.103758887,-0.795758779,-0.49657922
-0.185369994,-0.005904363,1,-0.234954325,-0.681093566,-0.098384526,-1.029039866,-0.082659323,0.439290794
0.057351783,0.198806122,1,0.146072195,-1.79638502,0.015337271,-0.325311158,-0.12517304,0.080711198
1.013143721,1.458786771,1,0.896898853,0.365552739,0.009721786,-0.117010608,-0.080967749,0.126260579
0.10188331,0.651490923,1,-0.012611376,1.212167429,-0.481587482,-0.153611,-0.707993568,0.478947442
0.408221301,0.096495072,1,0.456368739,0.28989304,0.254817604,-0.264186727,0.258542849,0.098573703
0.116858455,-0.17884362,1,0.38206032,0.545432864,1.009664262,-0.779185591,0.756617753,0.160254058
-0.593913828,-0.871550597,1,-0.803159209,0.207432401,-0.046433365,0.928472337,-0.752445646,-0.240117328
0.288232654,-0.262992539,1,0.422645749,-0.311785852,1.295449165,-0.473037679,0.844220669,-0.25483723
0.220907156,-0.879278594,1,-0.44954786,-2.250360702,1.059893249,2.590277143,1.879223088,-1.178529629
0.346168463,0.126914886,1,0.061985949,-0.115515847,0.68773142,1.099292895,0.961759533,-0.457992753
-0.711804465,-1.953957358,1,-1.159380254,-0.730094025,-0.013445939,1.146958141,0.28163491,-0.844842197
1.260181795,0.979023292,1,0.955052024,-0.450057396,0.111285723,-0.005960214,-0.386566973,0.434867074
-0.06330937,0.337940243,1,-0.196353786,-0.790864269,0.342746631,0.627874162,0.76958152,-0.471828239
0.142072281,0.357735139,1,0.314328228,-0.500026576,-0.400668427,0.708327685,-0.269654607,0.122757396
-0.097244895,-0.410913367,1,-0.241392815,-1.630693887,0.449580022,1.136457173,0.872984608,-0.37451055
-0.22040803,0.124435152,1,-0.065256271,-0.252337185,-0.758310443,0.176534986,-1.145368325,-0.072913193
0.225720807,0.525836933,1,0.4619229,0.634630776,-0.122371579,-0.936032215,-0.853578118,0.679511769
0.312488089,0.478893481,1,0.386874148,-0.402892283,0.149756677,-0.240524065,-0.445597753,0.35657947
0.5437238,0.348514298,1,0.548766092,0.8986501,0.20043459,-0.397665606,-0.532820596,0.169868816
-0.056455234,-0.302175036,1,-0.26282823,0.538031895,-0.349515656,-1.300461221,-0.400867599,-0.279656809
0.7090458,0.876618713,1,0.518246494,0.606359217,-0.155401583,-0.606577493,-0.737233441,0.249477194
-0.371326869,0.083465225,1,-0.084574067,0.084755588,-0.141164058,-0.030042836,-0.824489967,-0.055796833
0.039252383,0.861033173,1,0.45996176,0.349551902,-0.166699459,-0.103754093,0.22833787,0.118774232
-0.537424937,-0.867485859,1,-0.577605143,-2.51582751,0.37669716,1.429653487,0.815336985,0.015711139
0.094431019,-0.47797077,1,0.071377149,-1.099426016,0.559929837,0.595533068,0.344310473,-0.096242159
-0.119938142,0.348371393,1,-0.068925373,-0.441375724,-0.501886379,-0.642689068,-0.693428486,0.154031194
-1.332632604,-0.692532108,1,-1.064686475,0.067074721,-0.181200443,-0.571958803,-0.13891987,-0.382169221
0.268806083,-0.155270411,1,0.129471364,0.730901069,-0.34307996,-0.030716747,-0.095134214,-0.068211985
0.170033724,1.016376881,1,0.43296988,-0.459510784,-0.223529486,-0.642999664,-1.028935571,0.319635699
0.429174059,0.540876551,1,0.621886893,-0.007362703,0.268130523,0.080288708,0.345478668,-0.06316046
0.383598266,0.690155722,1,0.275832182,0.10843493,0.035816739,-0.423196173,-0.474149572,0.07904608
-0.176936979,-0.216415619,1,0.011936403,-0.442171345,-0.033648808,0.117286288,0.27168774,0.035218377
-0.896077713,-0.132150889,1,-0.388420089,0.38192857,-0.299687469,-0.936202902,-0.269907986,-0.086921713
0.2194816,0.639845315,1,0.282744705,-1.815084178,0.269472314,0.484233427,0.401403895,0.296579231
-0.644430908,-0.313941446,1,-0.659880736,-0.638409263,-0.590536047,0.965811038,-1.031878887,0.288616078
-0.918695023,-0.164741609,1,-0.366180854,-0.317506582,-0.470308934,-0.104128161,-1.130836753,-0.044053175
-1.457528573,-1.23993424,1,-1.429149612,-1.194932088,0.377190542,1.843273908,0.492604919,-0.110789898
-0.003766572,-1.000731154,1,-0.250570329,2.710285122,-0.524861618,-1.531921158,0.093813509,-0.679487744
1.268541633,2.849011454,1,1.483942641,-0.722269357,-0.412947934,-0.532370493,-0.328679254,0.862884515
0.799840919,1.300147219,1,1.030179882,1.812020325,-0.072986316,-0.509245582,0.272348278,0.110466906
0.270830277,-0.460442506,1,0.202624647,-0.588697847,0.413688632,0.460616305,1.004171203,-0.014048718
-0.39760295,-0.089297746,1,0.138362513,-0.17452835,-0.777102842,0.545462141,-1.000342878,-0.124465859
0.675996806,0.603033896,1,0.333228604,-1.112263917,-0.154084774,0.140939566,0.419794121,0.021194009
-1.459516586,0.739870013,1,0.038430214,-0.044473109,-1.297028854,0.238601941,-0.254783306,1.119969549
0.110583883,0.630680126,1,0.043856576,0.204176512,0.869568823,-1.545064031,0.874295869,0.891046974
-1.871840904,-1.180161518,1,-1.374900156,0.718413857,-0.539088491,-0.117205003,-0.5627913,0.65747285
2.003043654,1.335823809,1,1.255099673,0.160529393,0.37141356,-0.890673388,-0.05254831,-0.727045311
0.336674327,-1.042915543,1,0.33379497,0.591104524,0.330727967,0.48422622,0.623153055,0.025111189
-0.524676754,-0.347212347,1,-0.59188878,0.134042007,0.396446867,-0.299677019,0.477826289,-0.326588993
-0.749499376,0.910384922,1,-0.359652646,-0.393646174,-1.450754269,0.977715929,-0.911978941,1.14470056
-0.27563176,0.027578381,1,-0.563516577,0.329484726,-0.193833513,1.074935755,0.829381141,0.714285006
0.382865599,0.083097183,1,0.560545454,-0.668517522,-0.258906353,0.190908159,-1.859586863,0.072097428
-0.699289353,-0.883828649,1,-1.016150778,0.419479589,-0.344579548,-0.547110016,-0.81350654,-0.846941243
1.137724081,0.03564548,1,1.200388479,0.184377299,0.988661151,-0.362654694,0.30063727,-1.124581366
0.476846087,0.561104876,1,0.732040957,-0.482454336,-0.802520663,-0.495554445,-1.247624113,-0.298693122
-0.009910862,0.819482992,1,0.241392383,-0.013339312,-0.896784415,-0.005964939,-1.189264175,0.2715321
-0.470987357,0.023043696,1,-0.132835818,0.408061948,-0.270513747,-0.717976398,-0.096401489,0.008082109
-0.952851927,-0.303621778,1,-0.583072486,0.391988997,-0.326233707,-0.959928143,-0.547402642,0.003701322
-0.534184984,0.151162354,1,-0.297016576,1.43250454,0.332306195,-0.509097917,-0.152439423,1.044742692
0.844540539,1.771404893,1,0.91726954,-0.052418304,-0.642901033,0.669701964,-0.972013911,0.233657915
-0.53999461,-1.318984531,1,-0.883385713,0.271778667,0.157732676,0.583645341,0.387455797,-0.355726581
0.315045638,-0.733770761,1,0.107295106,0.590873966,0.677891446,-0.385452975,1.037673538,-0.303404002
0.55588728,1.339775561,1,0.572004267,-0.738480179,-0.8461494,-1.057739374,-0.548325819,-0.334273221
-0.076209452,-0.447118995,1,-0.450510588,0.101042335,0.480263067,-0.299799402,-0.38654546,-0.872030055
0.164993598,0.619679125,1,0.614116414,-0.319158971,-0.821597754,1.35981618,-1.945315119,0.605020058
0.019456147,-1.406377588,1,-0.353753405,-2.057935,1.57195169,0.468145403,1.035709858,-1.304165993
-0.188045724,0.492526432,1,0.090320901,-0.048031115,0.066346292,-1.263439037,0.22819235,0.482517665
-0.018949993,0.283171455,1,0.090299112,0.208796864,-0.292689923,0.055416455,-0.212191204,0.239147001
-0.105968826,0.391556793,1,0.053854518,0.332244737,-0.065264767,-0.617307187,-0.693347912,0.461349523
-0.604907669,-0.076004748,1,-0.364100233,0.334608829,-0.078018461,-0.91021442,-0.152677939,0.623270671
-0.422677039,-0.290307481,1,-0.172211157,1.521705432,-0.059300623,-0.582685802,-1.000790493,-0.084829289
-0.066394522,-0.064589875,1,-0.01488164,0.110753998,0.378612659,0.313905533,0.390698003,0.158099308
0.051204727,0.868570893,1,0.254238818,0.515741394,-0.852384037,-0.030273232,-0.984849017,0.735471623
-0.33191684,-0.083752757,1,-0.199060457,0.259552916,0.390830975,0.399323933,-0.021415281,0.343440211
-0.576422948,-0.657742531,1,-0.57693021,-1.204579716,-0.350325124,-0.018526913,-0.68110075,0.908239082
-0.321001985,0.283320707,1,-0.073138058,-0.08763973,-0.815019648,-0.30099176,-0.708062025,1.109610308
-0.09539078,1.190929953,1,0.798894429,-1.431892503,-1.021902419,-1.300330067,-3.764227241,0.716433133
-1.400605946,-1.272519148,1,-0.948350828,-1.261957965,-0.294113231,-0.765165994,-0.518192024,1.238280046
0.380813824,0.845173156,1,0.391013519,0.083708983,-0.510481762,1.618688273,0.93350633,-0.097470373
-0.625902266,-1.046651358,1,-0.58446806,-0.965209731,0.524869503,0.682365096,1.537143772,0.40515313
0.664038698,-0.16619596,1,0.198207388,-0.28501518,0.823534167,0.252003051,-0.166807385,-0.543440138
-2.131726517,-2.275982093,1,-2.234415755,0.901156214,0.025804231,-0.427665869,1.576251941,0.656651309
0.304876988,0.263093198,1,0.342262808,-0.200312822,-0.433760181,-0.202926614,-1.963101089,-0.951681734
-1.238389849,-2.074513288,1,-1.238624698,1.177519077,0.08085188,0.48542186,0.232788204,0.023648811
0.131016836,1.247159262,1,0.73206246,-0.605245829,-0.909374105,-0.483375701,-1.83048105,1.100010248
0.092792529,0.333710745,1,-0.126718891,0.772549373,-1.104034638,-0.534392532,-1.235936465,0.277093103
-0.544443375,-3.213392215,1,-0.739868105,-2.084827101,2.37288883,1.09999204,1.063908552,0.451484074
0.622472822,0.621115643,1,0.213901558,-1.244275001,0.319278775,0.752242144,1.149082648,-0.742071288
1.945655444,-0.138776434,1,1.243031454,1.43945356,1.221067733,1.260917748,2.616835841,-2.563723246
0.000687151,0.70226191,1,0.174142603,-1.09132976,0.072325915,-1.610459012,0.006062606,0.916539988
0.21565374,-0.349801179,1,0.581655214,-1.246216661,0.136489362,1.361242342,-0.234743457,0.379749994
-0.156474444,1.258136346,1,0.007742885,-0.547990989,-0.875257829,-0.183729588,-1.53902289,0.47716148
0.163920393,0.528946078,1,0.458324118,2.009507464,0.377822733,-2.175571326,-1.220643017,-0.167370204
-1.322041866,-1.344979576,1,-1.477785289,-0.885245512,-0.015771158,-1.678778635,0.594535363,1.077373319
0.816594282,1.038203139,1,1.130544784,-0.573510171,-0.496079547,0.658051228,-0.810639358,0.164410029
0.143947669,0.400698628,1,0.081083286,1.959323887,-0.595774376,-0.104018058,-0.196139606,-0.236813999
-0.730131113,-0.560610496,1,-0.139697912,-1.255156187,0.133121257,-0.079478056,-0.504382587,1.057639666
-1.50745939,-1.322863799,1,-1.565090541,-0.787830487,-1.081471283,1.347305145,0.294188094,0.078974757
-0.373780231,0.31319953,1,-0.194120296,0.054369677,-0.466131264,-1.872318733,-0.387392812,0.462424463
1.242262207,1.067312921,1,1.019913694,0.259869454,0.645263893,-0.054894091,1.125362108,-1.16448978
-0.532519801,-0.381782592,1,-0.410077718,-0.736362934,-0.343462381,-0.115481986,-0.255416888,0.454543529
-2.109125115,-2.928669581,1,-2.435986696,-1.649644958,0.403722529,1.262090555,1.775513947,0.53563651
-0.830948141,-1.091649865,1,-1.036281717,-1.106710448,-0.133286594,0.506495086,0.927905901,1.011590068
0.48052372,0.46294336,1,0.458994263,-0.065350088,-0.911302956,0.42211558,-0.716870485,-0.532697042
1.110867716,-1.058087284,1,0.587003329,-0.281514105,2.340895413,0.396090559,2.581075231,-0.665690956
-0.233164578,-1.458149346,1,-1.342309235,-0.844444933,0.780092429,2.62562979,2.861976371,-1.473612915
-0.59005153,-0.408530215,1,-0.377939194,-0.548796651,-0.181349459,1.28705399,0.113177165,1.228589522
0.798043302,1.095954576,1,1.115237324,0.540703149,-1.028664126,-0.94982473,-1.018653069,-0.866012359
0.489071689,0.64288664,1,0.630063124,1.027363492,-0.041280813,0.383033864,0.197100689,-0.733606262
1.343078403,0.132078725,1,1.111048199,1.252731255,1.415314928,-0.755956742,0.400774367,-2.571112746
0.434475241,0.470611373,1,0.317592989,-0.250973968,0.790992229,0.383883385,0.829654377,-0.13117263
0.885503408,-1.112940223,1,0.47454733,-0.09129766,0.094642772,1.322310659,0.990442452,-0.30985393
-0.494036544,0.239190216,1,-0.372637337,-0.962393325,-0.557174235,0.029419755,-0.956346685,0.918502884
0.214436617,1.025526994,1,0.721880792,1.129836693,-1.248942316,-0.557193051,-0.856029902,0.271455116
-0.111191763,0.635454541,1,-0.506932264,-0.366829712,-1.01239799,-0.399846216,-0.288015729,-0.456981846
0.612602093,0.453196814,1,0.673636688,0.812525149,1.283829655,-0.753270815,-0.285495375,-0.924316973
0.479212452,1.006229998,1,0.217660885,0.77075517,1.092894382,-1.810499839,1.104210619,-1.677149812
0.041107314,-1.522771743,1,-0.520875813,-0.009003794,1.130796651,-0.49702439,2.303239545,0.579910903
-0.475053945,-0.702281546,1,-0.307482213,-1.154218796,-0.274649148,1.336214829,0.625100106,1.786005084
-0.158840298,-0.008849981,1,-0.267253795,-0.705141538,-0.473263796,-0.962006428,-0.796802227,0.811735518
-0.094047771,0.286106386,1,0.145194673,0.13103467,0.400514904,-1.819325538,-2.119922925,-1.144976253
0.580392412,1.000019625,1,0.859986173,0.706296223,-0.502368573,-0.042680145,-1.145906767,-0.588969758
0.11232496,0.531926965,1,-0.003431544,0.947374603,-0.789595267,-0.374993494,-0.270030042,-0.301011696
0.273431887,-0.602503429,1,-0.154597061,0.41337482,-0.033951645,0.719256068,1.050470201,0.753679873
-0.174774955,-1.104440376,1,-0.516216641,-0.178349039,-0.076056204,0.816657757,1.463705131,-0.06241913
-0.553435106,-0.537651,1,-0.673657592,0.148421534,-0.089342457,0.001017361,-0.09374221,0.493891866
1.04284253,1.844559866,1,1.13047971,-0.217165743,-0.357765149,-0.583296647,0.400113748,0.094768985
0.002113353,0.961402262,1,0.462384629,0.510324241,-0.819471258,0.903447465,-1.207214564,0.106253491
0.598723869,0.087203838,1,0.544810909,0.727522366,1.452931871,-0.205071468,0.888118247,-0.617549386
-0.202627308,0.397261994,1,0.167890869,-0.014845191,-0.665448775,1.003099442,-1.538404957,-0.345176348
-0.312800433,0.37631754,1,-0.037499798,0.605148669,-0.218550832,-0.216327083,0.045483015,-0.34361572
-0.071116672,-0.010046326,1,0.150900845,0.479920866,0.429050493,-1.124406794,-1.07657928,-0.779377018
0.206413263,-0.511410297,1,0.00405322,-0.186250292,-0.041069831,0.163366187,-0.066592535,-0.050326747
0.329909148,-0.380095263,1,-0.007818662,0.479253043,0.933259428,-0.716474539,1.257768543,-0.477453873
-0.364183019,-0.696877643,1,-0.269822731,0.514991576,0.224764986,-0.203159274,-0.402464773,0.081667414
0.087868473,-0.308815649,1,0.206388354,0.24261946,0.415465778,-0.054845982,-0.548893493,0.161238161
-0.73762463,-0.6133686,1,-0.94187649,0.05093458,0.268613643,-1.776879558,-0.491168308,-0.647570984
-0.304880149,0.69029096,1,0.150982492,0.209695509,-1.562496615,1.088880933,-2.756173649,0.169985893
0.446811353,0.576688182,1,0.411328198,0.879340292,-0.129568871,-0.460986509,0.695155367,0.034822752
0.506737947,-0.850622077,1,0.013879869,-0.154326845,0.74320152,-1.402077071,2.433864069,0.336206418
-0.514303433,-0.214321522,1,-0.285633266,-0.277834464,0.830123148,-0.105954793,0.181717621,-0.195800511
-0.359525813,-1.563379851,1,-0.496006605,-1.115817711,0.490245919,0.850518872,-0.035571636,0.451982647
0.054790318,-0.32563734,1,0.095483063,-0.23481914,0.427157394,-0.386709494,0.138746649,-0.335241014
-0.198639071,-1.288503635,1,-0.357504679,-1.903168357,0.970928455,0.496883226,0.474389847,0.01812103
-0.723452752,-1.095020437,1,-0.786834364,-0.330687136,0.802516753,0.836351425,0.72342103,0.393269178
1.127251571,2.878331446,1,1.711077686,5.16452733,1.586562836,-1.849581047,1.371320818,-1.533756932
0.329041503,-0.554495687,1,0.428814094,1.061114271,0.837582937,0.13553725,0.050218872,0.052825242
0.792513211,-0.359718447,1,0.564435572,0.746894259,0.422230893,0.716375143,0.977930535,0.197018778
0.154560093,-1.320866199,1,-0.496875026,-1.439096569,2.518574408,-0.364441602,2.637902057,0.068459378
0.875374633,0.388518849,1,1.213002336,1.723561014,1.164441869,-0.059380373,-0.532343013,-0.651520093
-0.186208046,0.644335408,1,-0.173010328,-1.246941378,-0.545176231,0.189930306,-0.927813736,-0.170596296
0.034512763,-0.129171472,1,0.05362453,0.138960923,0.471922943,-0.067755377,0.155600963,0.300385395
-0.438093348,-0.555622306,1,-0.505332092,-0.087055723,0.061168422,0.485639154,-0.108186973,-0.043496261
0.3586052,1.250408994,1,0.58658786,-0.6386831,-0.752938952,-1.068833949,-0.19702356,-0.72918307
-0.322585718,-0.041781977,1,-0.030373636,0.334822134,-0.564442589,0.104384341,-0.973178243,0.290397451
0.071350711,-0.893698709,1,-0.179026591,-1.042412133,-0.079026385,0.509293523,0.419010412,0.076911493
0.238033478,-0.138191974,1,0.377786581,0.248097249,0.374547152,-0.043897775,-0.169618106,0.911141107
-0.203087639,1.108321276,1,-0.005011739,0.29473242,-0.40230307,-0.475477748,-0.139571167,-0.271419526
0.204552426,0.137749563,1,0.271481912,-0.099756863,-0.633191316,0.558089405,-0.416131998,-0.398121974
0.07465877,1.249532643,1,0.518133033,-0.46531189,-0.212578326,0.029578129,-0.956318819,-0.142221243
0.049769837,0.38779193,1,0.122494505,-1.007378183,-0.25095134,0.927774296,-1.031662257,-0.476044535
0.18507824,0.624345825,1,0.182937466,-0.551211927,-0.158050002,-0.584728316,-0.477770273,0.410502848
-0.547259674,-0.068189637,1,-0.273632477,-1.128832439,-1.115303403,0.236563203,-1.699850038,-0.358599659
0.316112557,-0.365900763,1,0.121582342,1.48126256,-0.261460217,0.164959047,-0.05308298,0.114278477
-0.521496411,-0.579808347,1,-0.691644849,-0.95049578,-1.09212263,0.617255847,-0.10960965,-0.504072815
0.316862479,0.021848584,1,0.340757917,1.382186833,0.462762672,-0.507718472,0.212683469,0.097134211
