"","yManufStd","yHlthStd","Intercept","Mkt.RF","SMB","HML","RMW","CMA","MOM"
"1",0.509132989511358,1.01561479651645,1,0.529323973540709,-0.119490186620356,-0.342848304894317,-0.446342145069307,0.375682644268622,0.249483129328813
"2",0.289336495037191,0.941773095641298,1,0.155946669835207,0.193657513197087,-0.0271910759467455,-0.40938151725882,0.360913574861904,-0.130035691533812
"3",0.397550572030253,0.765696862184039,1,0.628207335271862,-0.787546633425323,0.327568727736955,0.867392156043903,0.256851843141699,-0.14216131816728
"4",0.41032522747842,-0.0857780149464849,1,0.0947621473324162,-0.293378631808028,-0.626407183631252,0.620057471678082,0.213266745114368,-0.161971708990443
"5",0.148383093246834,0.279059624094443,1,0.200440841834815,-0.395904619795328,0.25164351507586,0.546906696872278,0.257982792585873,-0.0868924293963984
"6",0.109763827406004,-0.743915220600261,1,-0.096421233590556,-0.515453406742922,0.353082169994811,0.153811704846181,-0.578055734116553,0.0592410519314237
"7",0.611825178880558,0.0350190260081526,1,0.251256692194375,-1.18792857352962,-0.0406846749427223,0.560006929784088,-0.212328786279878,0.193950476298309
"8",-0.318328493494415,-0.04575598849269,1,-0.184794834668375,0.968813650779472,-0.361772218017542,-0.0177261652197069,-0.386822243628612,-0.276305403799185
"9",0.655485254716499,0.115052225066468,1,0.541232542111666,0.855914369677882,-0.223116447353816,0.36301907315023,-1.10193119225685,0.00780576052035546
"10",-0.88968596814261,-1.22747841372454,1,-0.817186015240737,-0.111199411981632,-0.0461554591141125,-0.311611792247344,-0.650313245144165,-0.173710793435356
"11",1.00511028592061,0.359365780794554,1,0.535691054893751,0.0110263305713086,-0.17885604866955,0.338523043313326,0.552153092297341,0.499836475888627
"12",-0.808378195869935,-1.47749126820589,1,-0.813787445556597,0.383214783826832,-0.0778003829885979,-0.397314686424915,0.0518323958676422,-0.260974744083263
"13",-0.10386190626074,0.256939258304592,1,-0.0584302130725549,-0.0226561258200847,-0.330842804748635,0.301588852334982,0.272214323791645,0.312808930626252
"14",0.791089407221867,0.331768651796208,1,0.660329417069243,-0.0122842198963415,-0.406659135454248,0.695026161366244,-0.474389317530942,0.483874044601276
"15",0.972632179436121,0.264842708668617,1,0.416172717356038,-0.71127580854211,-0.469112833850691,0.670627696189049,-0.692991224328267,0.48014989850471
"16",-0.260796136253595,-0.960214115980158,1,-0.578356196660666,-0.597813045571933,-0.832961812598224,-0.397792534395023,0.522045047192472,0.324617789654764
"17",-2.23250277492232,-1.73106938519557,1,-2.03485789753517,-1.3246489281152,-0.400110315139911,-0.690561660154674,-1.04512950988528,-0.394576056559617
"18",-0.702040030103172,-0.341851745866864,1,-0.784733778084786,-0.886232608134756,-0.908918234335834,-0.606927103388263,-0.153008043493471,0.571067256232076
"19",0.481873941589882,0.43925783204128,1,0.476305796636193,1.57631213431704,-0.711137459933134,-0.466875572661934,-2.23646618466162,-0.950751085261428
"20",-0.633538990469817,-0.410282656444451,1,-0.343091884279428,-0.190077699113135,1.07167058798541,-0.605127827655648,1.30165665757948,-0.926711381692394
"21",0.987461151398133,0.668811456664825,1,0.828511681880685,-0.59985323609526,-0.179220825181635,-0.0798132698666003,0.170521073378307,1.38024943852524
"22",-0.144144520734661,-0.202414666498474,1,-0.223808829875817,-0.169005651755647,-0.670388246443737,0.117332930168584,-0.10818967327989,0.530757873608598
"23",-0.181963502676757,-0.0862913389372161,1,-0.565829181820264,-0.456935558672659,-0.1728766693229,-0.654056170101593,-1.08795708505886,0.0864819758035061
"24",0.733074087406777,0.534101081850557,1,0.639070584110862,-0.975685823210067,-0.324594692566052,0.362598482215984,-1.88634796030603,0.348247586659232
"25",1.28492061565062,0.736821825007045,1,0.940775111524531,0.32249045734926,0.0605046088260517,0.104445698766755,-0.868765229052231,0.683020871752262
"26",-0.0666768738383963,-0.166637805964555,1,-0.0390726046913775,-0.876963750705851,-0.683258019880315,-0.788472794624038,-0.97033620435941,0.678462680037027
"27",0.320862529894971,1.06202682153093,1,0.808279867501537,1.63072490178587,0.0614026438458025,-0.519470231707858,-0.0210471465975476,-0.504808877896736
"28",0.379643919080305,-0.272763453092275,1,0.0519681955741495,-0.818642672290762,-0.351032046128756,-0.911269193112605,-1.32023593307691,0.841356588899185
"29",-1.2107475288051,-1.32806762468821,1,-1.53101924892968,-0.859240325918688,-0.707676050568097,-0.325921784007975,0.0819465397462646,1.17648649353509
"30",0.866430010722413,0.367446527454253,1,0.77004018693588,0.272227421100019,-0.230610242896445,1.34529451500953,0.961452691451125,0.519757787385865
"31",-0.448625408614281,-0.553502895827962,1,-0.682234153198692,-0.911071704939268,-1.1846592001632,-0.191328763235326,0.0208107130068692,0.845094731590286
"32",-0.65688386118849,-1.01303820301362,1,-1.4619374046086,0.481453404733332,0.825341471519376,0.903861572611948,0.166799371910179,-0.329083800796978
"33",-0.627288254957584,0.538869805856645,1,0.0142004014191384,-0.861117303479293,-0.344176899083714,0.251028106862718,-0.790949335330549,-0.254794762132311
"34",0.0232586497649785,-0.575027848683002,1,-0.627901095081811,-0.236988386486938,-0.103510362344806,1.78091220081939,0.139877685953271,0.67690259718262
"35",0.562778782789757,1.37879352630553,1,1.00062107906087,-1.19573668172905,-0.2900315228171,-1.22705538370548,-0.286162105297551,-0.240137417685826
"36",0.986783217786221,-0.10198258024631,1,0.594679896250106,0.280454295452558,0.124686628611008,0.375247213551515,-0.474220281349113,0.400787426255045
"37",-0.480709223369903,-1.21872116792859,1,-1.06199232671708,-1.05544699617895,-0.362206664453551,0.43566120582715,-0.419600886119143,1.50696900042169
"38",0.649148102061293,0.126693955179331,1,0.399840335316765,1.91536217588209,-0.312369805496017,0.717754249282192,0.300175443741616,0.237609785733712
"39",0.0976828932735922,-0.648782931485566,1,-0.248002431816095,-1.01112610055377,0.0550832109389527,-0.324485823537476,-1.23276961989009,0.73427853429735
"40",-1.27382876713673,-1.14203316205091,1,-1.86985403753606,-1.36785547585602,0.07327156702006,-0.349097859781554,-0.694372910331924,0.906130791998561
"41",-0.87742559860311,2.04292136612711,1,-0.48698662247067,-1.38264864842377,-0.322243953485192,0.369168895061685,1.41506224626187,-0.587715756173633
"42",-2.42553203823075,-2.19871764030237,1,-2.03666984194166,0.862633760514801,-0.065674799814848,-0.525827913651403,0.943467542911372,-0.489978989449659
"43",0.0185957426233335,-1.97954969586651,1,0.184489398894854,1.15541409686972,1.64458737812039,1.60578617587692,1.08639608422487,-2.40192146099451
"44",1.55045813356488,1.13106215005672,1,1.85227396578451,0.852422482318361,1.53515682244154,-0.329290151465099,0.22677429983159,-2.20005554456748
"45",-1.08649380667252,-1.13539426414931,1,-1.69970346223588,0.233626444881375,0.0413601804816354,-0.461108746107767,-0.0813979417073422,1.45816760815937
"46",0.958320661001817,0.355969103935208,1,0.41796533138445,-0.979032348802235,-0.0601812831239413,-0.288458428960978,-0.155171522806143,0.730180831588933
"47",0.452905022332933,-0.562990156992128,1,-0.030905565097286,-0.583297466655952,0.0472219414679958,1.91426899014084,-0.269889272326784,0.0633184249678423
"48",-0.169298152196627,-0.175371816800253,1,-0.650967155265457,0.365463905814922,-0.619889659136774,0.569742715228636,-0.768740909949629,1.2005128952241
"49",-0.97578839753935,-1.33408711607763,1,-1.19430065458481,-0.65485043245212,-0.250000220992455,1.07496791874977,2.02690933378825,1.41498894125881
"50",0.3411771111948,-0.691671495664839,1,-0.232644664849909,0.624039896380691,-0.339658934069415,1.28510777437342,-0.0114827000443713,0.882208336091992
"51",-0.771414370435493,1.01736842968639,1,0.965763143516541,-0.648051928883935,0.7339507068139,-0.866393582232646,0.921291979615223,-2.33127450892188
"52",0.597637958864592,-0.0412336074550714,1,-0.332781045874253,1.14257811285088,-0.608568529132654,-0.790582440200284,-2.13904807476069,1.71531335471381
"53",1.66887312217982,0.800939500589808,1,1.52772254076814,-0.113750335821859,-0.00354227726192857,-0.12832315111169,-0.941853519846436,-1.07738759353402
"54",-0.343921686627563,-0.498211363202239,1,-1.07037876479439,-0.717172612409946,0.147694559139349,0.50983993427034,-0.270323584441356,1.2079798759841
"55",1.92227383174001,-0.282555497810907,1,1.44304344976975,0.264426437839817,-0.117843195285061,1.73210922409039,-0.722791659671448,0.0598552524015669
"56",-0.285917094751713,0.014993794381223,1,0.108098527822788,-0.470691911976831,-0.568555562666978,0.139269366799416,-1.09253974758206,-0.509809485337828
"57",-0.27818042744555,0.129072733073452,1,0.378767543937171,-0.444130328073532,0.550683406028343,-1.61970856560425,-0.637602635921938,-0.909246816451676
"58",0.310824630211616,-0.981966523629475,1,-0.634720633664945,0.872994863215145,-0.286605828912533,1.55719044829882,0.022390593812013,1.53328228152124
"59",1.24483812963441,0.351234067419553,1,0.970228678372351,0.280529128639313,-0.31811419878876,0.509983151266433,0.416265181082678,-0.0879649940464726
"60",-0.945033335045791,-0.647333470311617,1,-1.28732324571513,0.93087187712908,-0.109993333684184,-0.0569419751792027,-0.0230018402073936,1.04916750182963
"61",0.311434260606183,0.943795428180812,1,0.746222916412226,0.93163296772849,-0.330312735911824,-0.583028845027741,-0.680574549391191,-0.0469537574987465
"62",-0.531066491504557,-0.876560677069777,1,-0.981306245403091,1.22385489686008,-0.363378289218359,0.752196654994642,-1.01754016033157,1.05672613975352
"63",0.252350485466069,-0.362410824651576,1,-0.123598852040479,-0.359654302046793,-0.625975974920027,1.46880406074271,0.990477861547574,1.01458830831057
"64",-0.644683892819252,-0.719564586669469,1,-1.12807332382169,1.67472868644269,-0.42589535562276,1.16327655189914,-0.404354890480781,1.48293153540658
"65",-0.779400123815904,-0.246950139512055,1,-1.30249283791451,-0.588526686223095,-0.476328399733787,1.27847675559055,-0.344525031819935,1.53229045484497
"66",-0.719646553252438,0.751420142022401,1,-0.799895468471615,-2.52486926167634,0.378475192596072,1.26116717749005,-0.13944966320872,1.06481513629876
"67",-0.58923146469123,0.711821873621488,1,-0.558767258228844,1.6139689193034,-1.50660720278029,-0.221729733183807,0.374019990028042,2.09012551200527
"68",-1.1876871406379,0.992187142790808,1,0.563571241848906,1.20666394775876,4.00887162792425,-1.45974903116423,1.19742727797227,-3.6803973731115
"69",-0.665924695419702,0.477176354440396,1,-0.0745717240120597,2.27591401267984,0.168501084381089,-0.0249109042405527,-0.507339270829829,-0.992037788650678
"70",-0.00835657129898177,-0.458795173081678,1,0.0883533215635432,0.199631256708818,1.79950511368575,-0.640772385873088,-0.0678006479233567,-0.862455386500612
"71",-0.313035709602979,1.83456671596321,1,0.911380245609508,0.638083489702228,0.41342710236677,1.13493205954522,1.93841619741551,-1.85866239998859
"72",0.0188547701266904,0.198441212459164,1,0.176243613926727,1.99639714015014,-0.286507167311601,-0.437715248420688,0.297726210402473,-0.287161050061718
"73",0.670614898970439,-0.48843656195466,1,-0.319633752905906,-1.25677685022652,-1.03005615222361,1.93016245496137,-0.581567789221952,1.6418831765823
"74",-0.159484536852367,-0.822511096067013,1,-0.250926463044597,0.590308081598894,1.49693079868538,-0.890120603230034,-0.0502065967848059,-0.679746255946832
"75",-2.12290645416893,-1.17004875732987,1,-1.26187361871038,0.753082155711222,3.08527353191555,-0.0951961297211667,2.39558004401932,-1.396880015428
"76",0.202675636024306,0.321315455559357,1,0.117530146922519,-0.362493030983194,0.405025092045466,3.46682920036724,2.10394871944133,1.06999172993485
"77",0.132811178067681,-0.791330175313464,1,0.269899945299125,2.21052961711956,3.80244943428711,-4.12950856694954,-2.17989195053588,-1.38440813415248
"78",-1.66109549867368,-0.403449202470053,1,-1.59297236646349,-2.47054764496712,-1.51940456179481,2.24743305908332,0.301374301880955,1.23413102552819
"79",-4.19822716337358,-2.19541057868922,1,-3.72365621692517,-2.17975359281339,0.767846207956682,-0.0340274658109382,2.89595821908405,0.681148002722685
"80",-7.47115081933339,-7.72879870115258,1,-6.92016147957637,2.93960151847307,-2.93940878288437,2.00675793542615,-0.074672321634332,2.90801296327455
"81",1.93016659491707,3.31300137506525,1,1.69611791653406,-3.34023946549791,0.260573662550423,-0.985083890910293,-0.186683097435904,-0.22700646958828
"82",-1.88849071367536,-1.65256601730984,1,-2.82482014080684,-3.03535690217016,-0.89430593461885,2.9823364637114,2.27534205334964,2.10667893791316
"83",4.30101626267865,2.67481812719958,1,4.04489086597386,2.14025206040048,0.364850091971632,1.61497258646248,-2.70985762691924,-1.34383015358496
"84",-1.12434982416635,-0.733336232682144,1,-1.59012034117234,-1.78471553417764,-1.13484026675483,0.180408587123911,1.27308771040488,0.851016961299343
"85",-1.68639122079439,-1.27867114448202,1,-2.52420113908699,-2.51102114974375,-1.96236020344362,3.77582486393327,1.5533410934179,2.8090168831435
"86",-1.90272767307127,-3.73516318265786,1,-3.39735096670515,-1.01433004743477,-5.99915454001693,6.86337754177379,4.55684503975253,5.04835222995869
"87",3.57157005085952,2.31048249906666,1,4.74124408626948,1.61431408090174,5.8707834168309,-4.29012846097369,-3.33180482698581,-6.3332230544555
"88",-2.6459488480386,0.184853085295921,1,-0.873637948418709,0.121090678534642,2.149555083754,-1.0986383263879,1.68150729866506,0.357882545899077
"89",1.58546138548145,0.0439111291028839,1,0.184150143203386,0.559016494136344,-2.26294943286864,0.0238057965923322,-3.09577378955034,-2.08097275963394
"90",-0.473986162056421,1.52077452230656,1,0.454085751919799,1.56050569285639,0.164131536798699,-0.124436600357124,-1.04332736220485,-1.17629870226478
"91",-0.368198868466167,-0.384877148381923,1,-0.685440181748775,-0.0803727898832312,-0.599077441064811,0.806010805932489,0.637306806612879,1.39099646651033
"92",2.82535965239962,1.85798971023861,1,2.54640194383782,-0.380516959302353,0.872495048276921,-0.658894267965675,-0.459332948796971,-2.49346847492607
"93",-1.20308896912209,-1.50752743966466,1,-1.62529522317162,0.325229223955466,-1.30640280747485,-0.977289570623271,0.253035936100683,-2.81402601315843
"94",-1.23046781071066,-0.12564209105115,1,-1.68151098207211,1.16898882201519,-3.81632801916783,1.33200892781766,1.78788545197034,3.94874185498588
"95",-0.506970980578409,-0.363905680688174,1,-1.02617924175445,-2.13880723793284,-1.42583331866529,0.3914891241998,-2.11716061999978,0.0259442255384453
"96",-0.436953889034798,-0.110168948971228,1,-0.287274395547432,0.0578750387210832,-0.750801288234464,-0.499469293952457,-2.10562098931883,-0.188004406701733
"97",1.66210735733824,1.68420084888587,1,1.99242379445708,0.558872801347533,-0.853481351682855,0.199289636780747,-0.581655026817442,-1.47806392316556
"98",-1.89751731223301,-1.00336005583639,1,-1.74285796111675,0.0402737375186814,-2.12924322696729,-0.144754913382897,-1.94525691627687,0.619422766913409
"99",-2.88119712174397,-1.43330939032545,1,-2.67930554484845,-0.977968980694112,-3.72601123792876,2.96437515808567,0.284536934256497,3.51848249851402
"100",-1.66564073394135,-4.33025412267809,1,-1.66632689411989,-0.725476834102644,1.99935537667133,-1.05368335994943,0.474825995435851,-0.480478980442787
"101",-2.57986445255329,-1.31353046565924,1,-2.74218417097318,-1.87454994222797,-4.5180088014901,0.185831844486949,-0.178331230140859,3.15063543229367
"102",2.51382287730835,3.76526992762642,1,4.01184572350901,0.59088146370701,5.33747416815554,-3.5271289263216,-1.75852296785202,-4.87478734608295
"103",1.04199560763907,-0.71423581604681,1,0.608872121702712,0.620148811330717,1.513986535305,0.337298903651394,-0.0960658444533304,-2.0105183976508
"104",1.92328032888109,1.31397579965545,1,2.37829811806348,0.519654343257774,2.59453750964936,-2.0924734708779,-0.140306799167083,-3.5893986578567
"105",1.25324758626269,-0.932791784289876,1,1.2637600280086,2.1665079359091,0.288580089280814,0.942369884438268,-1.25214728085197,-2.08512448575512
"106",0.104694923807765,0.156131811876484,1,0.60602355116648,0.748062479639484,2.32293011529357,0.410675143998087,0.0780988990890034,-2.89263325176086
"107",0.215063990344585,0.638543675447497,1,0.534039657246463,1.21298648173602,1.3448486064528,-0.697144734196711,1.07948057183664,-3.17199152847109
"108",0.183533591702962,-1.43923168647367,1,-0.23462648962884,0.859876250884108,-1.232578788943,1.36723214023869,-0.243399016676947,-1.36101249943726
"109",0.950267144333939,0.448071242127166,1,0.564440761152589,0.198243603240824,-0.846753862056144,-0.867484678725071,-0.386232235656361,-1.46224827308838
"110",2.13118465810764,1.92927520944364,1,2.08770140154252,-0.895314944178217,4.87226384362411,-0.500760706679431,-2.29231413343734,-5.36624754918429
"111",-2.17578393042357,-0.429635651690276,1,-1.99997340118207,-1.19067383805621,-3.54815286602384,0.298930726077302,0.901639478651472,3.71183883945284
"112",0.437735105851705,-0.051304940673982,1,0.210093469307743,-0.123025278990719,-0.408098333349321,-1.32445485108028,-0.285580703026458,-1.38009491054894
"113",1.31378581651053,1.0039177215678,1,1.34739087312907,0.822893256003443,-0.280540890655374,-0.360879048666458,-1.37887487809682,-1.02506602382661
"114",1.12681731358868,0.0622602044141171,1,0.922667814544376,2.6998052899234,-0.727466292761067,0.22398502953294,-0.958593281831992,-0.534526981686656
"115",0.406322191617062,0.0576696033356206,1,0.163898291549322,-1.0076911209624,0.078375149537817,-1.27935430856917,-0.109230437514611,-0.980827729422216
"116",-1.93914354130144,0.486968975242943,1,-1.093990037332,0.0495515463368983,-0.666877233522869,0.28757425439499,0.13947362711229,2.42544438984522
"117",-0.518669358178491,0.641530443433573,1,-0.0886591758903353,0.723217966633779,-0.369585885734779,-0.792627197183072,0.223819698721099,0.727016945938
"118",-0.868128952950628,-1.18588756964571,1,-0.93762361953713,-0.134268782055397,-0.428419978824696,0.63288441434937,0.798373178521096,0.4626404829006
"119",-1.02564124065268,-0.491162090051251,1,-0.885533862417144,-1.03038690509993,-0.943952753996326,0.662460596748724,-0.95783110020801,1.38251048740865
"120",2.65533760885226,1.40983902941624,1,2.62158941451308,0.588081614373462,2.37222886999752,-0.189339099713864,1.62649721466751,-1.21302723492855
"121",1.96773906938787,2.29798930870722,1,1.60778750962092,1.16929494364114,0.736317836819705,0.198358641134326,2.45569164679111,-1.59860329734735
"122",-0.0899750899836992,-0.131184007775663,1,0.288525657745004,0.64043300716444,1.61520764305098,-2.12620299796183,0.68317609784852,-1.13604470688289
"123",0.365015247249398,-0.35539465011324,1,0.87863955675017,0.0651958246650675,3.55736050986602,-2.52154541437796,1.74593308285411,-2.51747410629269
"124",-0.228184328552424,-0.000968828298471299,1,-0.300486863961044,-0.44037121361436,0.306071107458946,-0.258410138786943,0.0966889965434745,-0.459535185902728
"125",0.862375408519671,1.12369522481406,1,0.759874800124448,0.880597831176413,0.462134082691357,0.0655920219578607,0.684024277163002,-0.288384559563221
"126",-0.135695840610765,-0.0883266425286514,1,0.00829639488296824,-0.046088680813275,1.01558828652507,-0.864757607291544,2.13084470129767,-0.613222425100989
"127",-0.593198939825275,-0.301595735835961,1,-0.477014422578541,-0.203462822400139,-1.26822519913057,0.823445384778565,-0.183526504663251,0.503343356332123
"128",1.30429991298815,0.483142030540625,1,0.996953091960449,1.4307168029092,1.05972862367969,0.299946318298363,0.49341812802769,-1.08617377384666
"129",1.18860178925405,0.250374250974723,1,0.921854979755846,1.18973946198644,1.28791130111564,-0.997415884383097,0.169310649883134,-1.32575276184423
"130",-1.04211336832794,-0.45626490281336,1,-0.943303241347949,-0.63971139152768,-1.18518305152368,0.533245742335826,-0.48940616440081,0.450169919781337
"131",-0.959384392428534,-0.483561143500472,1,-0.782063878601314,-0.969117729783996,-0.479451689272622,1.12338467336155,-0.197064193224863,0.443301671735465
"132",2.02599186216142,1.04160510865307,1,1.73873304919323,1.21406024812417,1.76342754342772,0.368842334234367,0.198600646330748,-0.0673358403693913
"133",0.917257867885782,0.385826895752717,1,0.46568328223847,-0.613676322325818,-0.296029806042097,1.36530902604875,-0.271363312906137,0.0829949793415594
"134",-0.298993246213732,-1.10164741967687,1,-0.395301520184737,-1.35954363990668,-0.869137755881864,1.77832007656222,-1.57462972481849,0.185317994303424
"135",-1.77789109207936,-1.43236125656902,1,-1.76434605651231,-2.3928550553527,-2.25321118665709,0.93564591407159,-0.475433722661312,-0.912587139656442
"136",1.21538607396443,1.52088646511913,1,1.21679534138465,0.0667913304515277,0.0695551775967683,0.656903695549969,0.447904921716579,0.747168578954575
"137",0.473745872334258,0.758064962818693,1,0.743619016977187,-1.18283470205877,0.524162683121365,0.308190711771282,0.728072487861759,0.503000294525043
"138",-0.193522903767869,0.620623042436471,1,-0.137015195071148,-0.171410872171617,-0.275773309584574,-0.177799492684445,-0.0801753574562981,-0.683645450534258
"139",0.0946708907316173,0.373823541646981,1,-0.096160449636795,-0.754621763873207,-0.727898922501638,0.83066645698778,-0.634857947459647,-0.264634308422585
"140",0.271007209197841,0.490397975529221,1,0.537150525736141,2.17695784089961,0.387430406702841,-0.708624024992342,0.771313725873552,0.0822698179867769
"141",0.0529423351738869,-0.0355246391009672,1,-0.0171631109833156,-0.133079053953134,-0.0026908637737974,1.1126220591017,0.198626934902412,-0.0678463877960897
"142",-0.00573964163926918,-0.202418083738006,1,-0.0653150449623881,1.49915934100318,0.248287847992614,-0.573976255763035,-2.58314392683044,0.59767931732042
"143",0.780471177146308,0.682241207667383,1,0.831104469720832,1.33860453431641,0.0290062403572945,0.263633511195973,0.580353452456676,0.667440388365856
"144",-0.548442639382427,-0.421431471503599,1,-0.44483212787205,-0.30886889221119,-0.0782173279704481,-0.764720784700986,0.30203928562813,-0.23231713301589
"145",1.34347358606728,0.608867094806553,1,1.03522656353927,0.654981327592209,2.43707782892132,-0.900825180834922,0.609202503070187,0.270379884453485
"146",-0.48095791640228,0.505669546240936,1,-0.410988186897289,-0.170218901859559,-0.950339654338465,0.482204227812292,0.711867646566982,-0.766302087531466
"147",-1.54981939062917,-0.920334545983839,1,-1.42985263397232,0.340554168335156,-1.18072133291163,-0.388316909663974,-0.810922830136639,-1.1621937070295
"148",-0.897600142125844,-0.555118470412279,1,-0.711623339472756,-0.662969711326914,0.0465509010622715,-1.22040290635286,0.317024040672294,-0.595843876137874
"149",-0.338419237230412,-0.744270586224277,1,-0.370759532652161,-0.686796603445108,-0.0233193377501118,-0.0456643977591744,1.51958199454899,0.208794157213488
"150",0.559083386380837,0.205913988366845,1,0.477762229517372,1.81625588477971,0.472954812203312,-0.277191574504111,0.903877239831438,0.991957224954245
"151",1.28533019711931,0.832497709491681,1,1.1441084564917,0.169289391816472,1.04071865727947,0.300709056885875,-0.181316675944166,0.315769415747311
"152",-0.557809601391779,-0.491555184909978,1,-0.201644925717462,-0.227743135587219,0.545861061637494,-0.828136559270558,-0.312966214407078,0.198646601924212
"153",1.25133202863277,1.02010823060235,1,1.25043299632723,2.16872603758697,0.767259921394382,-0.226061967298915,1.83442869257812,1.04375067240282
"154",0.142191816333908,-0.0109684288221089,1,0.383541789368964,0.359480884861252,0.300815592886393,-0.595896153758364,0.684165617490237,0.416279387477551
"155",-0.182857448442412,0.361203181753345,1,0.166721103347709,-1.06394366489816,-0.447714083396943,-0.201661489421985,-0.387962455061732,-0.903543902989366
"156",-0.186674443888257,-0.371958902185344,1,0.189359574037701,0.105986167717282,0.797677500132528,-0.654653081271876,0.449405034964709,0.927409499553423
"157",0.831346813199088,0.377144730211127,1,0.324747888969366,-0.128628642904803,0.446446237599241,0.644850868418199,0.169134613718357,0.217122562303694
"158",0.46716530097639,-0.239468117441988,1,0.558970203377293,1.0610007783258,1.4019460575247,-0.582086098539892,1.15524468929265,0.46617227449265
"159",-0.150206668482792,-0.348370538837096,1,-0.0256583373461803,2.03532740087071,-0.296494559645829,0.176696388098963,0.564130460597571,0.135744183865608
"160",1.14513139176821,-0.588200667596439,1,0.769057059321952,1.4749045572893,1.11913209824993,-0.0187206193256161,0.331271486257733,0.661139329146487
"161",-0.944170023169405,-0.424590476717401,1,-1.05805053466809,-0.653022326757784,-0.905505949602758,0.997561833674614,-0.204057128790764,-0.439242289896113
"162",-2.65560629787477,-2.174700339591,1,-2.64807737078767,-2.04768032111343,-1.43626039682642,0.951355587191244,-1.14807698897705,-1.08604648187273
"163",1.00858917030075,0.339274609888054,1,1.00024845076935,2.99182432501758,0.099375927142066,0.00439120281469746,-0.0653096829636121,0.92994897874729
"164",-1.84859785405561,-2.01404509996242,1,-1.77093734589273,-2.05738226981027,-0.684934262722614,0.0853530658442284,-0.270649371086007,-0.741367985582483
"165",0.159381264315597,-0.0891877345594847,1,0.175796926671489,1.26911700165266,0.614456718625507,-0.219114093202403,1.33031049738669,1.19328415641597
"166",-1.1366679060104,-0.772940746206224,1,-0.989906095129487,-1.42667460070447,-1.32069417992607,-0.0674158907539066,-1.16021474464769,-0.404828189332486
"167",1.33154204175932,0.824593224327981,1,0.872766729869276,-0.402895864349874,-0.0712077771393426,0.988905567680774,0.312407036095303,0.15212579313828
"168",0.967610368959068,0.799817104788221,1,0.850809310602559,0.266431988078902,0.248182253766141,-0.569142610447485,-0.299664565849577,0.411915054818474
"169",-1.61503795475355,-0.793960391118548,1,-1.40729933696357,0.0951056875883609,-0.249442817491434,-1.81549161054967,-0.912670799082969,-0.269374389224547
"170",-1.84322133719951,-1.5157992089592,1,-2.06680581167527,-1.32509929813176,-1.99696167727735,1.52219557072106,-0.606514348554202,-1.34722602916581
"171",2.07624241319757,1.43538258242024,1,1.9905906108,-0.598307289043515,0.722169820895802,-1.60699405878541,1.4878150612688,0.731747193369118
"172",-0.613345128014944,-0.817867195487085,1,-0.582048118598312,-1.04134807768149,-0.681362666304912,1.70034230610989,-0.425942626135509,-0.645726923636918
"173",1.70146550223754,0.0137413268343605,1,1.42736200934383,2.194676466782,-0.0794035982436673,-1.08452933554985,2.73818201004949,0.650850758078292
"174",-0.1169201678612,0.265727987620814,1,-0.114040357866954,0.1454377310728,0.574913655989928,-0.0581752104160735,-0.665363987255738,-0.0953323724420252
"175",0.728060855264154,1.52098633361474,1,0.575235566428521,-1.31058302966382,-0.406765074178916,-0.459383304977503,-0.273613378394722,-0.118219234785847
"176",-1.3347894784245,-1.06708814602013,1,-1.59453907718964,-2.05592797118174,-0.38825414547574,1.8516910048504,-1.55381243595984,-0.0908144018920989
"177",-0.384297239933331,-0.559690428935059,1,-0.225234625961825,0.642918322825605,-0.594812907378208,-0.165985561604579,-0.0519312450544686,0.412481800191733
"178",-0.0462510431276696,-0.345800747053928,1,-0.254854705711959,0.888860526748428,-0.104180174644787,-0.781360737901984,-0.694438093437949,0.0343917727659745
"179",1.23516555504169,0.959058501890441,1,1.39939245373947,0.196833964493295,0.477655966763122,-1.07057186766364,1.53674459083429,0.543736771464365
"180",-0.0400338321643312,0.664021482571653,1,0.0499640698759821,-1.08140175912704,-0.0930621770009699,0.287424238131031,-0.752890344777584,-0.158333733369909
"181",0.21006326263633,0.481440074793738,1,0.57806058929146,0.775273291947681,-1.12818518672726,0.558488759857996,-0.811401108212422,0.177908082151305
"182",0.763184450105912,0.855507419780985,1,0.759785724253024,0.822462914532034,-0.509620568662838,-0.0722080994900625,0.240167675283669,0.229488954267394
"183",0.323703673856643,-0.245989988245386,1,-0.019686559500249,1.21476742383998,-0.0535683537138603,-0.336433332636156,0.669359810016594,-0.311118316755793
"184",0.847126468781957,0.487317551550529,1,0.582101080947967,0.467725931791296,0.123868277704986,-0.459317935754759,1.08161764822322,0.0859549459396464
"185",0.323815642660655,0.293241352493784,1,0.321096097998812,0.780367061945572,-1.29214504510944,1.07560534422085,-1.19084316577022,0.27595212641641
"186",0.00652704859197259,-0.064747465321087,1,0.110837744555556,-0.542872352074531,0.197232680402173,0.435054391179033,-0.226893694988498,-0.0529988265060841
"187",-0.139155540259272,-0.270844656625056,1,0.0273788442039769,-0.146831196716893,-0.676438119130365,0.00509498333910624,-0.430439322719447,0.225672845257498
"188",1.28967938626609,0.108413873426793,1,1.33105331852406,0.799210606420727,0.968793447875448,-1.20627445713604,2.36548399526921,-0.205436928125306
"189",-0.360271992496787,-0.905992054611425,1,-0.827051689059379,0.0579866651309712,-0.357589265688172,1.06176550671405,0.256730732051882,-0.0632441876562625
"190",0.182725084244431,-0.0108121747299679,1,0.0332872738257543,0.524227157523138,-0.362445527879047,-0.00664370776207553,0.419378176904933,0.599085240618366
"191",-0.323021256211135,-0.469525372129769,1,-0.255530897453798,1.54942132365521,-0.95354019781466,0.336938120176335,-0.81137468035714,0.874832986409154
"192",1.219120904085,0.391190265468131,1,1.07598287258397,-0.136852393047259,0.715623559384141,-1.41000888902124,2.24855146529047,-0.130431176377705
"193",0.140078222179934,0.387950879300647,1,0.502782548232335,0.962495572603133,0.939197875395183,-1.3001483211183,1.34663315963628,-0.291942737226215
"194",0.252635384249936,0.97578653136096,1,0.0759106494388538,0.0763816753645336,-0.494496738203915,-0.325727913187611,-0.00600982471196229,-0.279643960570448
"195",0.485473185168327,-0.0467048514860043,1,0.333245446947027,0.0940653768046629,1.00177558823651,-1.11899031871897,0.757280289452908,-0.34352904385597
"196",0.0235797040807044,-0.420954295501582,1,-0.0487196053860599,-0.475457951577606,0.410092772865809,-0.422534422862683,0.184802877510332,-0.157686027382862
"197",0.204126300441554,0.483936359238072,1,0.373225154658381,-0.483304119690216,0.268336596092791,-1.05811810263828,-0.123002200263173,-0.249097755864832
"198",0.775804883832036,-0.0995793027952126,1,0.609895949768335,0.582780201373064,0.301148754782151,-1.63216841023093,0.993617107457211,0.0936243427139391
"199",-0.357941485076767,-0.294532232936734,1,-0.540295964695179,-2.58386793093238,0.222268134230929,2.06401793612145,0.0938059833207823,-0.718810424294997
"200",0.172104557800966,-0.842799302260558,1,-0.205368027302437,0.523849203058718,-0.0465883918012635,-0.263905086317253,-0.0514070057385578,0.453694045205473
"201",1.07418009041221,0.810545553075841,1,0.991069848994981,0.341979000978972,-0.496068143467445,-1.03279853833248,0.625280896099367,0.511561035959633
"202",0.376518791558918,-0.0127289482972331,1,0.571399244467916,0.848460717656929,0.466148456697691,-0.546277688925145,0.992746640429555,0.603284599127122
"203",0.636056448583717,0.535615655388278,1,0.352068556609505,0.449215519645165,0.391241046463308,-0.520902504097487,0.610094750649332,-0.0246536175596399
"204",-0.300139137219101,-0.614359716240564,1,-0.722832334397235,0.00118705697823232,-0.0221299316434453,-0.489612048555037,-0.711758236150599,0.00560230493866668
"205",0.13390505159169,0.865120833049901,1,0.0042339478249955,0.233266165054333,-0.36902727470565,-0.203362680296769,-0.870312309556405,0.474667568595708
"206",-0.904750487642849,-0.483261439931448,1,-0.605051993406309,-1.14836509920278,0.613024884466738,1.37006879815429,-0.857354672788645,-0.808058327460134
"207",-0.275377763947986,-0.642693323288697,1,-0.754937720389794,0.644576229815738,0.135883359923772,0.103929127018646,0.978509695287399,0.252429475710664
"208",1.20828353206852,0.673028857317508,1,1.05765384278473,0.954328674123377,-0.707800719097482,-0.508431618789348,0.46299094208439,0.995118209915154
"209",0.646128690982575,0.757196507336334,1,0.543723603673075,0.981399581068695,-0.242489357822785,0.374465418979717,0.111429701403959,0.336488370163127
"210",-0.217858911127806,0.229547601506616,1,-0.174788036144064,-0.187841758705431,-0.0918141714616051,0.411963681550102,0.0811305831493048,-0.426677852269839
"211",-0.639066542081962,0.690753132113675,1,-0.32406622528784,-0.288922879026131,-0.7335504840797,0.902874952928404,-0.708866217034493,0.0601020932652458
"212",0.620379451730673,0.0456273236253467,1,0.450154211457031,0.0265080140556641,-0.720724405189432,-0.227100818756409,0.0961381095896642,0.574270526431844
"213",0.710079313029648,1.15010344855804,1,0.703012943821768,0.0453704077936053,-0.134690814358608,-0.398005993687277,-0.827015837257237,-0.119361075872527
"214",-1.44837007020675,-0.0927007773336359,1,-0.77672558816805,-1.54136979966199,-0.2302710914654,1.76846678011049,-0.752599719897444,-1.05048462392354
"215",-0.231344046377385,0.574147476642414,1,-0.0853385207276367,0.402993372165383,-0.858877902882531,1.21147663541357,-1.16027699852735,-0.0682544679055959
"216",-0.0111453274884901,-0.27783794635137,1,-0.204956961954058,-0.585589113831585,-0.0344621553425659,-0.165756196984756,-0.167589457503,0.225459950919702
"217",0.221375148035329,-0.243308553327423,1,-0.0570113229591674,0.851058577076225,-0.166681643403045,-0.362684506204535,-0.0504069915015935,0.608708311452066
"218",-0.857195286902696,-0.781964555842396,1,-1.01532752821279,-0.755021841364759,0.0106133113213279,0.0523719441030273,-1.2639024644576,-0.0315867721439455
"219",-0.751662592598603,-0.869814612063648,1,-0.967625136858783,-0.778759058321208,0.0352769267916706,1.12513900761457,-0.898222570759211,-0.234666107502577
"220",-0.282217201272508,0.0370599017887349,1,-0.0655723615598727,0.114659934433902,0.58044148503751,1.336724074882,-0.549922326532248,-0.474799275967343
"221",-0.042920843729029,-0.102971059224764,1,0.0195857242076465,1.84997884102349,-0.69680198450585,-0.0306403612038595,-0.079452549527478,0.817942981319651
"222",2.09622370378023,1.49578159852177,1,2.06158371855835,-0.0639548716383717,0.00216500487919187,-0.361496654700285,0.741380046063139,0.870751887160656
"223",0.146844581936148,-0.010621687544788,1,0.135369720094834,0.790335499057116,-1.0659959103533,0.879277679245946,-1.46657412292246,0.657595651408326
"224",-0.404871034907942,-0.707501651737328,1,-0.883766781543715,-0.287872600623197,-0.161536276910279,1.08769257386691,-0.492218207782751,-0.0328506938562397
"225",0.626004675600463,0.199155737818377,1,0.722351296255502,-0.582621785304845,0.00221549885812316,0.163228234169193,-0.830451385622771,-0.0253273222708324
"226",-1.6954982877185,-1.93819772717099,1,-1.63421673331778,-1.06535362934667,0.423001851684885,0.704826303310012,-0.140019871637441,-0.452722728785759
"227",-3.23496130890162,-3.44312330945637,1,-3.01805164391022,-1.99432541651289,-0.0475633908313064,2.67466783746582,-0.474518108376458,-1.10709303172458
"228",-0.334542743236821,-0.395267519566268,1,-0.675717827182833,-0.955468450002159,-2.04267799479535,1.30019062448842,-1.81444867184836,1.47686134900609
"229",-1.88743290745498,-0.923357819570153,1,-1.98873901391338,-1.23193049189029,1.16103710538088,0.423337198158921,2.42808886106958,-1.62236444486344
"230",1.6304412073584,1.55731312104144,1,1.84493492213167,0.830157254908517,-0.736836524761007,-0.0576811375181553,-0.962475134615043,1.07568481826123
"231",0.0587598911062166,0.13920992034398,1,-0.144981431896736,-0.779375035825808,-0.707782342747355,0.0792563531231378,-0.0945702991052522,0.558719042776805
"232",-0.680097947029267,-0.513043051671262,1,-0.657778200571432,0.228523575190915,-0.145694212590767,-0.455590605851139,-0.371892571115663,0.234132628249755
"233",1.63490859066834,1.4743539911667,1,2.02057130523631,0.140161578206007,-0.187599234145582,-0.838301079549737,-0.795349234829701,-0.0405719932261869
"234",-3.27205492769671,-1.94306039590555,1,-2.64579227720811,-1.4074781492356,-1.06025205299698,2.41208506270259,0.459973862231925,1.05738535745191
"235",-0.0903766344016079,0.30354897400701,1,-0.297194023758392,-0.67223711176624,1.58097782230898,-0.688102925700453,1.21122450966516,-0.710057769120719
"236",0.879429130380195,0.215527572445326,1,0.803654014329207,0.166743718440949,-0.983760997401785,0.781910848138131,-0.562962968539935,-0.0945800829856798
"237",2.37108951612595,1.37256066476494,1,2.32909486155143,1.70022271635591,-0.143143768098681,-1.06007404323652,-1.65644740011519,-0.421760961228973
"238",0.77311787972257,0.154983210344091,1,0.29513696206195,-1.16263792623518,1.37676236200425,-1.1197169548229,1.61220321000526,-0.664798599059048
"239",1.5296769414581,1.11257993762546,1,1.49378628743852,2.11525842426102,0.246241384376334,-2.50247892363229,-0.75424209196627,-1.62491568558112
"240",-0.69347308713945,-1.29231801037544,1,-0.933354412318225,0.669348813910394,-1.04103018572295,1.68610320885949,0.0237542817298097,1.05061782961975
"241",0.252977653513309,0.716746196215068,1,0.171377955490782,-0.773588856693369,0.375437613225204,1.12258306648651,1.3007257258684,0.314064362486743
"242",-1.40828370543557,-1.51591452431142,1,-1.46728440473323,0.363730013223798,-0.0573795939205185,1.01559256846903,1.00455815089254,1.06785890840726
"243",-1.99833457697849,-1.45840871523529,1,-1.91684573727602,-2.1127781469403,-0.275145244732779,0.693197346073813,0.345087008455506,1.01142068019332
"244",2.94920305425152,2.39938024397318,1,2.86518121612547,1.7451519939282,0.326795479500708,-1.70947508593861,-0.228792597178353,-0.805419238349455
"245",0.024982792595876,0.375811450357841,1,0.258365166316757,0.415753739719883,0.126293703847518,-0.0499045023147451,-0.0524001025186442,-0.0759047025985599
"246",-1.28689209317313,-0.12029847762443,1,-1.15870356854579,-0.299038605415403,0.401364289088501,1.24891106281404,2.29146527943701,1.19340700853174
"247",1.5499777919192,1.53145087582,1,1.33156418333225,-0.313732495249292,0.920331747533306,-0.993042532979628,0.958293095819244,-0.388975897688918
"248",-0.231637379653875,-0.106534450774246,1,-0.297773970985928,-0.13077105125764,-0.293304131161457,0.423542871068548,0.155073002160719,0.212843686644671
"249",0.429244199318336,0.122166268975784,1,0.584686166281992,-0.491062895430699,0.535917470024304,-1.09588915578103,-0.342417054120084,-1.23038130981433
"250",0.0901855672759378,0.575719504663627,1,0.381830136629504,0.698716051954898,0.161580493606048,-1.63551705596082,0.875719359561815,-0.882835052892392
"251",0.589279394283073,0.39654864564166,1,0.748837619470461,0.45761946203358,-0.0744521762551126,-0.242337075190979,-0.941789599318147,-1.0731183258413
"252",0.0435726703397212,0.13130938382099,1,0.0674847209993237,1.34630009629758,-1.04057682080305,0.0161777663939882,-1.52364519573611,-0.460397729214913
"253",0.554099814891249,0.55269039928563,1,0.889301994407492,1.29328139956976,0.269947067179674,-1.57171016319899,-0.0798030892711447,-0.711150501669286
"254",-0.0607702807906582,-0.587857147064316,1,-0.156469770059709,-1.34040943367776,-0.224013981500449,0.596062516949916,-0.0352784903621732,0.326506489505347
"255",0.612952204298326,0.274701720901252,1,0.542033165442205,0.297403517006762,0.275796200561275,0.0538039763423405,-0.0358927564943926,-0.29394563413251
"256",0.266393777772488,-0.099955634273952,1,0.0382175785908752,-0.479019548007737,-0.634473679250054,0.397394889853552,-0.679626545167957,0.304655121172456
"257",-0.415860375896082,-0.094732560862002,1,-0.0467455898868572,-2.65464533278222,0.289454253816964,0.584524814008843,0.963325644476142,0.415554451625494
"258",-0.144681925328336,0.0420173276760396,1,0.0566801461100887,1.37140050463528,0.0352045061726584,-0.179218960380353,0.404175836876701,0.530551647826215
"259",0.479334235375418,0.635743084038305,1,0.81102946545529,-0.549167857080956,0.989336133618905,-1.2446833824408,0.184654605425292,-0.836489336633672
"260",-0.718682248704984,-0.17648615833583,1,-0.229284524740369,0.496242464860297,-0.174066754654942,0.237853931418185,-0.533348310718375,0.521080891069928
"261",-0.000512200284733334,0.74869797876737,1,0.221932166357095,-0.558308436138419,-0.255565891756639,-0.00589819891312214,0.550982531311806,0.399969198532868
"262",-0.470000389196007,-0.221129922196963,1,-0.337081907939253,-0.590025545202928,-0.437932000888462,0.892486451194395,0.0362319573390451,1.10799177769406
"263",-0.78625005217227,-1.35789785921641,1,-0.84306915277895,-0.214303827659353,-0.067345746617206,0.677288976945452,0.434215604093877,0.229303417285206
"264",0.344670386205286,0.812972074946673,1,0.148357218261719,0.159185290085297,0.267731388838407,-0.0074812987193311,1.34314265288832,0.269663541174884
"265",0.548638596493029,0.749475756527956,1,0.651947364679658,0.621605305683561,-0.0653378126118228,-0.461150589990517,-0.744715510793821,0.109640747447952
"266",-1.06128947997858,-0.839512438899877,1,-1.08617437912273,-1.32914922536152,0.116964001535797,0.978065359106642,0.963411770617328,0.6116269062637
"267",-0.460589792259161,0.209767367649825,1,-0.440538139788772,0.649724413214046,0.164294410969961,-0.471389506725873,1.30164210199083,0.64311852673053
"268",-1.70418568838498,-1.24209996862712,1,-1.76422179251683,-0.458950273120158,-0.0916099968260855,1.44720301219348,0.97831554960892,1.11209976803533
"269",0.614311615241633,0.388263584327838,1,0.680651821945761,0.412714641343984,-0.66157397949929,0.190153280482866,-0.0841986403342043,-0.152727118076057
"270",-1.2927523878645,-1.25843662308526,1,-1.26815609075716,-0.433797590484057,0.326969315403925,0.24996347468614,0.287571693962014,0.229607151288285
"271",1.24318583929496,1.23184774457391,1,1.35938205699307,0.201050534091709,-0.0914713211548384,-0.875784412928953,-0.373172076741085,-0.303354556409395
"272",0.248248808312782,0.765025691663212,1,0.345762573625428,-0.697957542633078,0.448394410878474,-0.178897801733548,0.475843141506642,0.0599233597585654
"273",-0.790090743619797,0.53447358121943,1,-0.195162643635709,1.01330664869133,-0.206343667234968,-0.679407655239854,-0.00963745624244432,0.131359597787214
"274",1.08919012838298,0.867234633595126,1,0.736485685618,0.707340598092314,0.0142800533180235,-0.388122487969353,0.165676042253061,-0.458996971220906
"275",-0.128764762554939,-0.15731860416038,1,-0.166201201762811,1.19538040925485,-0.282404886657921,0.570189661907228,-0.0415055085999907,0.504661188863578
"276",0.0318965785091364,0.330824364125062,1,-0.0821668523645617,-0.875362900899281,0.329293131770586,-0.348700396816476,0.669630490456355,0.851945379081295
"277",0.516805213818397,-0.0308702988274356,1,0.0386771509051553,-1.30073446265642,-1.02382006105194,0.595803950749509,-1.48754867053032,-0.138575674248869
"278",0.403863962266267,0.764483328853199,1,0.484598943025902,-1.01128361890068,0.55058091012052,-1.02080509336268,0.608935336416206,-0.0994867959589456
"279",-0.0780564710715156,-0.589595163641977,1,0.00311535246790559,-0.975720403310172,0.651370084704103,0.348555307179871,0.448482912724788,0.166402174986988
"280",0.665679127793664,-0.0455367496451384,1,0.45672317767388,0.630685752422349,0.562874304505552,-0.15299693221981,-0.872116223143524,-1.37203559591324
"281",0.172777025720869,-0.102706588946394,1,0.363856099830135,0.944945019088924,-0.1093468595612,-0.0425365004753241,-0.24064087223753,0.191828324833795
"282",-0.426594943087126,0.188468966204537,1,-0.271083042477153,-0.957736547536576,0.154343862788377,-1.01975583445172,0.0519605718710408,0.14910830631174
"283",-0.268727733618598,-0.0586001720141006,1,-0.13415501438993,0.324328938904627,-0.0460970711944391,-0.446202667181345,-0.167964654324537,0.296045764656979
"284",0.820667100030793,0.948756633419311,1,0.911493453783071,0.780029746860806,0.817280184119201,-0.519787033991936,0.405403768188017,-0.671187312424973
"285",0.877339056384525,0.1839578349302,1,0.730727504073252,0.631483959465716,1.17060498988208,-0.862219242597935,0.226904023987829,-0.912708943060444
"286",-0.502355840849508,0.77184648155679,1,-0.246764306937866,-0.392814119466988,-0.708728860617028,-0.189453792249889,0.595604171622553,0.751588689003858
"287",-0.518526117290333,-0.247285130869807,1,-0.602577408995293,-0.564295513331263,-0.236464348930392,-0.0299469809057637,0.946890012751932,0.296154616558979
"288",0.201035609184948,0.918102250123295,1,0.491094794498852,-0.827022971775002,0.933175495111473,-1.0931638516535,2.04180235458659,0.429874411755375
"289",-0.656973575956897,-1.15255728351868,1,-0.90350904675029,-0.0557543205087617,0.374455121091121,-0.00766671488826197,0.345891949210845,-0.426448205629944
"290",0.574748062121251,0.168090754840361,1,0.0376171803154082,-0.876071039877835,1.11054299267295,-1.21624847965158,1.13576525609687,0.0392133200419768
"291",-0.6844201548803,-0.700014911351473,1,-0.581939494468303,0.530267354450617,-0.237427686864983,0.116306082742834,-0.459689652455845,0.0964508834671346
"292",-0.0673494409804213,-0.496459455280813,1,0.041992419122832,0.208133650631148,0.518722601966144,0.572007722604553,0.845638720934734,-0.382258557484278
"293",-0.870543294819188,-0.777451927086693,1,-0.951917755090749,-0.112089012469835,-0.494932767486059,0.00577109683364404,0.462562251163028,0.141386420815061
"294",-0.504679226484929,-0.338961408593937,1,-0.620809671312192,-0.891502204868394,-0.166598916166292,-0.153426543930948,0.404062428058474,0.147409569547551
"295",1.10064722847726,1.2897736559959,1,1.35323658549471,0.334115177396847,0.0932206989109904,0.299783046941554,-0.0204847205919776,0.232353425892835
"296",0.204467284406084,0.117862013248369,1,0.247574701822192,1.1472424461848,-0.217185716213054,-0.483601313173336,-0.416967276538891,-0.122229801942295
"297",0.195092730137006,0.0966531491035792,1,-0.0151225331087638,-0.40994473774192,0.855018163140701,-0.692012186232086,1.40396086197853,-0.66361900108871
"298",-0.076328036262094,-0.117741703480762,1,-0.118894332898944,0.455942958278446,0.524692949484454,-0.983437922466087,0.624252356932772,-0.588468922671611
"299",0.486285852111977,-0.183480756295254,1,0.469064777915489,1.03087234669526,0.823083086187371,-0.753723579741237,-0.987596383383623,0.0816018152169415
"300",-0.834919546108357,-0.92168633800931,1,-0.779720881773939,0.0774760637528818,0.0991839729441403,-0.152579855360466,0.537492759816376,0.232889444031418
"301",1.78669493200749,1.90538826665328,1,1.76563530809017,0.674465756177813,0.499311940200902,-0.949974957082465,0.257260026474502,-0.150306431770003
"302",-0.0925125227247589,0.832218507890437,1,0.10277673223467,-0.318464387699996,-0.476959873533885,-0.446489535665059,-0.561913413123568,0.283962777675353
"303",0.550803336121618,0.181085735421797,1,0.314246376766485,0.391907414696023,-0.0335919039763995,0.0803400935337379,0.948814401021853,-0.216744713559795
"304",0.554110496142196,0.544755092087445,1,0.418084460040486,0.11054048270773,0.0669682931005742,-0.641680971006976,0.373744062715718,-0.308199510766657
"305",0.227414847283557,0.371887829955202,1,0.220519031163221,-0.158874140253201,0.691106805358474,-0.861528110124244,0.41956536041157,-0.0635820969905532
"306",0.0543850704208118,-0.121595719423542,1,0.106171852306655,0.0616394799593178,0.016909488250501,0.0313001839917673,-0.825426663155353,-0.200845442003113
"307",0.00386460089907296,0.00286359397314898,1,0.0199124915411556,0.508489674313711,0.760114984022404,-1.39782983268503,0.859434066414338,0.205657823650902
"308",-0.208370079266791,0.0164628576248523,1,-0.200244608782022,-0.425989631971706,-0.362843718501754,0.117075571469597,0.845676917764401,0.059471933136627
"309",-0.0478194019574902,0.267376605516073,1,0.00977011566670353,-0.49016947012643,-0.64618467188482,0.286665130464559,-0.270429082040503,0.835196272203462
"310",0.643992748392167,0.90764326375889,1,0.874096275839688,0.482359663171556,0.460485314871315,-0.727815437522559,0.727762202147258,0.266286776546316
"311",0.283434914664441,0.0843845043671461,1,0.191213535962421,0.441510495037405,0.620357966732124,0.719766629453355,0.478549655142744,-0.561604943719721
"312",-0.262886326912769,0.19475253990646,1,-0.14756456277426,-0.137177515368685,-0.468974069338873,0.288064593907717,0.654175222949801,0.40043387111913
"313",0.197614194725766,0.9502393908932,1,0.255968402850829,-0.252455265110962,-0.481558853579977,-0.030234510052294,-0.151981505911366,0.416134359979167
"314",-0.642818146388264,-0.0461732791054071,1,-0.593776546102144,-1.58872254531384,0.0606596699255251,0.300322853655455,0.978313090836473,0.157195568389385
"315",0.520604969471817,1.39095023045187,1,0.841278556152092,-0.0559433475146304,-0.123006839651257,-0.4464378073607,0.255855426386685,0.228939964649283
"316",-0.886410329785295,-0.00480224147026842,1,-0.918935040665598,-1.23412089076058,-0.387842031600202,-0.0702997990100656,0.63999969856245,0.712624332010648
"317",0.657388877665585,-0.346983268114839,1,0.667515398662216,0.580920323503424,0.936033104779811,-0.289087190009172,-0.460729490609174,-0.456770775063872
"318",0.728808110427306,-0.0689438297604286,1,0.713523477792952,0.115730694678194,-0.0653626512409158,-0.411148795113739,-1.84285172724777,-0.543225339722401
"319",0.258659075075524,0.305244393323698,1,0.486957297539713,0.640770771222579,0.370130175758878,-0.619123223687801,-0.021056791624496,-0.122756423146736
"320",0.671846946657088,0.640022824493049,1,0.75093890438202,0.0367623072025166,0.390735275792875,-0.716122300107724,-0.0514161231275433,0.175944482950344
"321",-0.437179485245602,0.0483154144087235,1,-0.471073648368579,0.182044134223448,0.155854511123454,0.768890701084861,0.639367267499571,-0.273234473894628
"322",-0.534075574577879,-0.882061313638476,1,-0.350535358931439,1.0301934712249,0.683310043815332,-0.92356755435629,-0.853845400761808,-0.0995739365618557
"323",0.184231351523442,0.320869859225594,1,0.209687719424483,-0.309941456916488,-0.122428288051039,0.00424522803381417,0.0228836613932649,0.0366436976372647
"324",-0.383388892932605,-0.144721405068206,1,-0.417020819017926,0.42402594998952,-0.351286172437183,0.263138879875142,0.434176833868983,0.0940961821563001
"325",-0.841605347947383,-1.29734090187871,1,-0.857367336747431,0.533244297564908,0.251534394898843,-0.6418741893522,-0.869206741416638,-0.32401083955071
"326",0.246060020647055,0.156922416882042,1,0.361626089200308,0.412305410922833,0.196979773760471,-0.472451609268187,0.403514513091831,0.338807881174241
"327",0.468424186579806,0.763111565387717,1,0.636387963671736,1.08922878063819,0.124138098060541,-0.655107656306704,-0.02026023024519,0.415838750863938
"328",1.02030083073798,1.60871300015318,1,1.08335415088257,-0.0622200943834528,-0.31317551208838,-0.888064826974235,-0.181532050060353,0.229136639732148
"329",0.485339837970516,0.353521049551464,1,0.210304239025159,0.449725277108807,1.18288478409341,-1.1549602199269,1.55381480964654,-0.0480538575032327
"330",-0.226636087383245,0.329099052858225,1,-0.0188689103836753,-0.22952421242753,-0.123045463991862,0.0394952341440542,-0.284940455162546,-0.0236134473080643
"331",0.37367048424393,0.294810403271206,1,0.484603008432282,-0.112116531065888,-0.601546433119553,0.1165415143869,-0.707560843767768,0.558539866048828
"332",-0.299338735593438,-0.674193611589048,1,-0.440965192413985,-0.0967085449560118,-0.286141025394148,0.879640318021286,-0.16703566220478,-0.307224485204623
"333",-0.801770267612615,-1.48188437465264,1,-0.841673195731826,0.0598763644881621,0.263997075836029,-0.0300475525871234,-0.400782768710027,-0.382902730056312
"334",0.16882795435728,0.347923908480753,1,0.173058145035847,0.612514771832134,-0.727931102589675,-0.0700652902210553,-1.45131370959316,0.24072340308936
"335",-0.532098490594843,-0.527365221377247,1,-0.776432049630324,-0.516417910854683,-0.833397361615217,0.150786713793015,-0.955943269745594,-0.0821952116375125
"336",0.358719706028553,0.783171371304112,1,0.506269703661393,0.194133709483718,0.206974037857295,-1.36113290155129,-0.444911240658002,0.502525035397706
"337",0.692742088307757,0.783924937059473,1,0.756202074489797,0.17617028146095,-0.204534134148941,0.239549447916691,0.213721616343435,0.260751209301958
"338",0.360659751452642,0.645574978459406,1,0.457549622734451,0.324163202275497,-0.376484730612501,-0.385727272949189,-0.70958883049074,0.118072429340699
"339",-0.214729086373485,-0.715168741636069,1,-0.35722060216329,0.923503875169625,-0.351969155645922,0.334913121565271,-0.999862389801467,0.363348991148155
"340",-0.112187378852879,0.385005549195267,1,-0.00357068141081682,0.291397132676735,0.131134642043957,-0.373294745821413,-0.255191319272628,0.403883545784706
"341",0.366151908153971,-0.484984207535932,1,0.145978144072384,-0.115174708728284,0.861903327237624,0.975975096918325,0.975997170096481,-0.269859423263046
"342",0.741129725764255,1.36731607773463,1,0.897489662277459,0.0610441206618943,-0.00181158164222681,-0.582750699521044,-1.24786509758369,0.58779091612487
"343",0.249838189554185,0.117599701384726,1,0.209924061838945,-0.194820900747193,-0.217251826634161,1.73234305713675,0.66893507915547,-0.479554951690862
"344",-0.145007461156195,-0.118884167143538,1,-0.111119775476323,-1.42304612334193,0.117206662968135,1.72102034593955,1.39192265150731,-0.166661087454406
"345",0.180393709513357,-0.117128154744705,1,0.118349850392083,0.137924280740716,0.460633773648146,0.139410700310666,0.404560101256293,-0.206405392022008
"346",0.47509030672489,0.828958471976562,1,0.58311915426898,-0.0634287661453932,-0.583435464986943,0.114463800017405,-0.166898232391004,0.260795875887039
"347",-0.0194431185702652,0.652682867497053,1,0.074282767573575,0.223486273718213,0.518513675592068,-0.142491325934569,-0.153094462154974,0.0355437555376929
"348",-0.343975573267401,-0.023566180273649,1,0.0694696808977662,1.28128729536887,-0.337133856233831,-0.287554887325984,-0.490005288316795,-0.0717472072801544
"349",-0.068196337423204,-0.0717978922741509,1,-0.0855121596028027,-0.797725781518313,-0.0666328326841787,-0.434889494193585,-0.228076150860482,0.0821283053248534
"350",-0.569941203665721,-1.25294285904321,1,-0.618992760871051,-0.558017062060967,0.289810161563613,-0.154966698568256,0.316993220266926,0.160836928421686
"351",0.886054565536894,0.911554373428416,1,0.913566311778867,0.823979755926852,-0.216979761227822,-0.4586255398818,-0.300313198140345,0.150178718715186
"352",0.476520290675278,0.264472590232819,1,0.452631379050242,0.16808071981652,0.00411389888877796,-0.0301653849756048,0.434144124278315,-0.374575981782131
"353",-0.430723234146586,-0.0760720652454968,1,-0.221584636130132,0.00330673182902929,-0.0400063816021314,-0.715880015710435,0.111332528041479,0.0594352109930961
"354",0.102119001553233,1.43206984688066,1,0.191018972617224,0.299245618960878,-0.878414553305983,-2.17361591458868,-1.49526585003538,0.670452369455321
"355",-0.230164369737441,0.387483617266141,1,-0.108607452161919,0.392517292560159,-0.438981866670799,-1.02017100106655,-0.271885147701732,-0.138986141480342
"356",-0.954796957697106,-1.23543547921442,1,-1.05228133363654,0.325016255024457,-0.040740542031664,0.103758886898471,-0.795758778878558,-0.496579220088046
"357",-0.185369993988832,-0.00590436282262803,1,-0.234954324664801,-0.681093566159852,-0.0983845256264132,-1.02903986604886,-0.0826593227353517,0.43929079423782
"358",0.0573517831953261,0.198806122227394,1,0.1460721947378,-1.79638501960109,0.0153372713342545,-0.325311157542796,-0.125173039788783,0.0807111975568931
"359",1.01314372063664,1.45878677063392,1,0.896898853109896,0.365552738539895,0.00972178568052107,-0.117010608093967,-0.0809677487051075,0.126260579031554
"360",0.101883309564494,0.651490922628748,1,-0.0126113757327726,1.21216742929302,-0.481587481916654,-0.153610999568919,-0.707993568132242,0.478947441826063
"361",0.408221300661301,0.096495072436061,1,0.456368738823318,0.289893040219418,0.254817603585388,-0.264186727435335,0.25854284883647,0.0985737028283443
"362",0.11685845515883,-0.178843619695271,1,0.382060319531603,0.545432864278002,1.00966426163092,-0.779185591032966,0.756617753474384,0.160254057676885
"363",-0.593913828075662,-0.871550597129053,1,-0.803159209234635,0.207432400777673,-0.0464333645539424,0.928472336748964,-0.752445646328878,-0.240117328449327
"364",0.288232654199681,-0.262992539113078,1,0.422645748751836,-0.311785852174845,1.29544916509439,-0.473037678508099,0.844220669205495,-0.254837229916951
"365",0.220907156159988,-0.879278593823212,1,-0.449547859870819,-2.25036070161142,1.05989324879149,2.59027714286011,1.87922308770202,-1.17852962925028
"366",0.34616846256012,0.126914886012923,1,0.0619859486428944,-0.115515846883708,0.687731419912453,1.09929289502375,0.961759533493215,-0.457992752777197
"367",-0.711804464865796,-1.95395735761111,1,-1.15938025441858,-0.730094025227632,-0.0134459394522171,1.14695814083372,0.281634909563316,-0.844842197499633
"368",1.26018179513686,0.979023292443021,1,0.955052023890247,-0.450057396408741,0.111285722714114,-0.00596021431879382,-0.386566973399165,0.434867074022253
"369",-0.0633093695396145,0.337940242711139,1,-0.196353785911059,-0.790864269365463,0.3427466310815,0.627874162025069,0.769581519613309,-0.471828239149387
"370",0.14207228073015,0.3577351391301,1,0.314328228402854,-0.500026575609005,-0.400668427141557,0.708327685059007,-0.269654606639359,0.12275739639144
"371",-0.0972448945782554,-0.41091336741584,1,-0.241392815073583,-1.6306938865364,0.449580021763941,1.13645717309337,0.872984607809113,-0.374510550060626
"372",-0.2204080302311,0.12443515188646,1,-0.0652562714040331,-0.252337185174179,-0.758310442524051,0.176534986110533,-1.14536832506428,-0.0729131926422003
"373",0.225720806527669,0.525836932527089,1,0.461922900412431,0.634630775516602,-0.122371578525379,-0.936032215439911,-0.85357811790923,0.679511768560064
"374",0.312488089052653,0.478893481340348,1,0.38687414849324,-0.402892282925747,0.149756676831953,-0.240524065332484,-0.445597752780544,0.356579470264298
"375",0.54372379977821,0.348514298104566,1,0.548766091503429,0.898650099817065,0.200434589635426,-0.397665605933313,-0.532820596086355,0.16986881561755
"376",-0.0564552336043158,-0.302175036437012,1,-0.262828229892559,0.538031895397824,-0.34951565584432,-1.30046122142631,-0.400867599426798,-0.279656809308306
"377",0.709045800330863,0.876618713390526,1,0.518246494067362,0.606359217036582,-0.155401582907783,-0.606577493402765,-0.737233441165589,0.249477193970085
"378",-0.371326869220183,0.083465225412452,1,-0.0845740668010027,0.0847555878098895,-0.14116405804354,-0.030042836287234,-0.824489967304584,-0.0557968331631259
"379",0.0392523828297813,0.861033173319033,1,0.459961760370931,0.349551901530644,-0.166699458864782,-0.103754093287412,0.22833787049161,0.118774231724685
"380",-0.537424936830146,-0.867485858823743,1,-0.577605143024479,-2.51582750955805,0.376697160097199,1.4296534865516,0.81533698476509,0.0157111387048693
"381",0.0944310191384525,-0.47797076961911,1,0.0713771489228173,-1.09942601589622,0.559929836892653,0.595533068206892,0.344310472645654,-0.0962421589841136
"382",-0.119938141656265,0.348371393134729,1,-0.068925372940137,-0.441375723958497,-0.501886378801527,-0.642689067782913,-0.693428485683947,0.154031194375289
"383",-1.33263260440379,-0.692532108484011,1,-1.06468647493643,0.0670747207920915,-0.18120044286206,-0.571958802572238,-0.13891986969077,-0.38216922099589
"384",0.268806082596163,-0.155270410968828,1,0.129471363573583,0.7309010692429,-0.343079960497961,-0.0307167471367455,-0.0951342135963827,-0.0682119852867452
"385",0.170033724064227,1.01637688052438,1,0.432969880046495,-0.459510783674469,-0.223529486027446,-0.642999663976599,-1.02893557118447,0.319635698528963
"386",0.429174058720926,0.540876551164808,1,0.621886893036659,-0.00736270274729143,0.268130522611901,0.0802887075700067,0.345478668298786,-0.0631604603460112
"387",0.383598266438777,0.69015572227833,1,0.275832181695994,0.108434929551163,0.0358167385675224,-0.423196173171657,-0.474149572413583,0.0790460798623695
"388",-0.176936978800893,-0.216415618745549,1,0.0119364027987137,-0.442171344600579,-0.0336488083367855,0.11728628849516,0.271687740093412,0.0352183766104661
"389",-0.8960777128008,-0.132150888555603,1,-0.388420088649562,0.381928569802075,-0.299687469382601,-0.936202902123967,-0.269907985744487,-0.0869217129457092
"390",0.2194816000351,0.639845314992633,1,0.282744704731258,-1.81508417832177,0.269472314205426,0.484233427173586,0.40140389463307,0.296579231403417
"391",-0.644430907671282,-0.313941446222917,1,-0.65988073603113,-0.638409263157005,-0.590536047234984,0.9658110378513,-1.03187888687308,0.288616078287346
"392",-0.918695022513364,-0.164741608613385,1,-0.366180854142145,-0.317506582419947,-0.470308934349824,-0.104128160836263,-1.13083675255207,-0.0440531746640651
"393",-1.45752857294589,-1.23993423988527,1,-1.42914961167133,-1.19493208806707,0.377190542016903,1.84327390808646,0.492604919407329,-0.110789897850017
"394",-0.00376657169616792,-1.00073115375046,1,-0.250570328523918,2.71028512236032,-0.524861618478925,-1.53192115766927,0.0938135090687132,-0.679487743856886
"395",1.26854163320582,2.84901145396675,1,1.48394264090065,-0.722269357494983,-0.41294793433533,-0.532370493030022,-0.328679254406003,0.86288451465573
"396",0.799840918542151,1.30014721887403,1,1.03017988156381,1.81202032536768,-0.0729863155834611,-0.509245582201422,0.272348277729992,0.110466906422123
"397",0.27083027666409,-0.460442505946296,1,0.202624647449461,-0.588697847431549,0.413688631665797,0.460616304972879,1.00417120262675,-0.0140487175856881
"398",-0.397602949706969,-0.0892977462766081,1,0.138362512556069,-0.17452834999163,-0.777102841831899,0.545462141218722,-1.00034287831145,-0.12446585933466
"399",0.675996806201075,0.603033896195532,1,0.333228604198786,-1.11226391651987,-0.154084773909985,0.140939565939865,0.41979412103358,0.0211940091173872
"400",-1.45951658618701,0.739870012817898,1,0.0384302140297413,-0.0444731091699025,-1.29702885411545,0.238601941356435,-0.254783305894247,1.1199695488408
"401",0.110583883273483,0.630680125802628,1,0.0438565763448026,0.204176512240858,0.869568823172702,-1.54506403053618,0.874295868886648,0.891046973716966
"402",-1.87184090372045,-1.18016151790243,1,-1.37490015564951,0.718413857187099,-0.539088491436106,-0.117205002703489,-0.562791300183743,0.657472850178973
"403",2.0030436538197,1.33582380852704,1,1.25509967341773,0.160529392581651,0.371413559554891,-0.890673388160685,-0.0525483101932747,-0.727045311298314
"404",0.336674326696082,-1.04291554330535,1,0.333794969923513,0.591104523884885,0.330727967480718,0.484226219566727,0.623153054734786,0.0251111885056415
"405",-0.524676754363911,-0.347212346688479,1,-0.591888780343601,0.134042007161776,0.396446867329193,-0.299677018656475,0.477826289239417,-0.32658899290713
"406",-0.749499376272765,0.910384921807644,1,-0.359652645756443,-0.393646174262781,-1.45075426943612,0.977715929392898,-0.911978940846154,1.14470056035128
"407",-0.27563176015646,0.0275783809153412,1,-0.563516577230277,0.329484726244728,-0.193833513166257,1.07493575502557,0.829381141497913,0.714285005732436
"408",0.382865599093592,0.0830971829922172,1,0.560545453527635,-0.668517522490105,-0.258906352522649,0.190908159418134,-1.85958686251992,0.0720974282075678
"409",-0.699289352817972,-0.883828648947537,1,-1.01615077819886,0.419479589133615,-0.344579548319749,-0.547110015936846,-0.813506540005923,-0.846941242738402
"410",1.13772408053334,0.0356454795142352,1,1.20038847894199,0.184377299312217,0.988661150608074,-0.362654693937176,0.300637269947522,-1.12458136567299
"411",0.476846086994564,0.561104875774818,1,0.732040956553232,-0.482454336396357,-0.802520662503081,-0.495554444772245,-1.24762411334961,-0.298693121931354
"412",-0.00991086233869115,0.819482992150661,1,0.24139238258388,-0.0133393115339439,-0.896784414842412,-0.00596493918388391,-1.18926417485465,0.271532100270167
"413",-0.470987356753488,0.0230436960679812,1,-0.132835817725889,0.408061948017635,-0.270513747140049,-0.717976398114767,-0.0964014889901716,0.00808210881747088
"414",-0.952851926923708,-0.303621778301028,1,-0.583072486228587,0.391988996550954,-0.326233707347532,-0.95992814252571,-0.547402641564613,0.00370132172027814
"415",-0.534184983596399,0.151162354164394,1,-0.297016575736245,1.43250454025143,0.332306194601982,-0.509097916985708,-0.152439422650978,1.0447426917555
"416",0.844540539285492,1.77140489256897,1,0.917269540237053,-0.0524183037845555,-0.642901032813481,0.669701963535206,-0.972013911204418,0.233657915451951
"417",-0.539994610491777,-1.31898453075024,1,-0.883385713442696,0.27177866683684,0.15773267644708,0.583645340666819,0.387455796835775,-0.355726580764793
"418",0.315045637927893,-0.733770761280137,1,0.107295106485019,0.5908739664678,0.67789144638442,-0.385452975165428,1.03767353783588,-0.303404002386849
"419",0.555887279507018,1.33977556145323,1,0.572004267457084,-0.738480179035851,-0.846149400333499,-1.05773937377916,-0.548325819356036,-0.334273221187731
"420",-0.076209451601713,-0.447118995464442,1,-0.450510588194007,0.101042334911544,0.480263066906072,-0.299799402059479,-0.386545460110956,-0.872030054698293
"421",0.164993597802208,0.619679124826866,1,0.614116413587051,-0.319158970665861,-0.821597754116616,1.35981618013475,-1.94531511882788,0.605020057766775
"422",0.019456147298116,-1.40637758816932,1,-0.353753404760056,-2.05793500027407,1.57195168988131,0.46814540261321,1.03570985762525,-1.30416599311244
"423",-0.188045723568073,0.49252643221396,1,0.0903209007526493,-0.0480311146612544,0.0663462923311436,-1.26343903666846,0.228192350052077,0.482517665469356
"424",-0.0189499931122813,0.283171455310114,1,0.0902991117542908,0.208796863962511,-0.292689922815071,0.0554164550305934,-0.21219120399175,0.239147000880194
"425",-0.105968826427384,0.391556792768943,1,0.0538545180056587,0.332244736997823,-0.0652647672755921,-0.617307187329242,-0.693347911666009,0.461349523465321
"426",-0.604907668601891,-0.0760047477799417,1,-0.364100233009939,0.334608829190363,-0.0780184607996057,-0.910214420364131,-0.152677938614819,0.623270671025372
"427",-0.422677038910195,-0.290307480902414,1,-0.172211156743129,1.52170543157963,-0.0593006227406828,-0.582685801668072,-1.00079049251491,-0.084829289227588
"428",-0.0663945220863626,-0.0645898745059031,1,-0.0148816398481878,0.110753997594487,0.378612659328014,0.313905533357588,0.390698003265272,0.158099307598958
"429",0.0512047269142622,0.868570893029543,1,0.25423881797669,0.515741393742603,-0.852384037045889,-0.0302732321546569,-0.984849016582654,0.735471623193229
"430",-0.33191684032391,-0.0837527570528882,1,-0.199060457358476,0.259552915838351,0.390830975005234,0.399323932725409,-0.0214152810952602,0.343440211012673
"431",-0.576422948214828,-0.657742530605088,1,-0.576930210415951,-1.20457971612367,-0.350325124033769,-0.0185269129615101,-0.681100749549176,0.908239082001805
"432",-0.321001985232993,0.283320707253086,1,-0.073138057620435,-0.0876397304496853,-0.815019648064805,-0.300991760487217,-0.708062025403364,1.10961030838494
"433",-0.0953907803868812,1.19092995307754,1,0.798894428897454,-1.43189250346722,-1.02190241915959,-1.30033006721473,-3.76422724100271,0.716433132860607
"434",-1.4006059458884,-1.27251914820932,1,-0.948350827908206,-1.26195796548125,-0.294113230871759,-0.765165994113834,-0.518192023576518,1.23828004607444
"435",0.380813824352884,0.845173156489427,1,0.39101351928668,0.0837089826657324,-0.510481762238366,1.61868827291241,0.933506330216824,-0.0974703728744329
"436",-0.625902266305189,-1.04665135822058,1,-0.58446805998714,-0.965209731110243,0.524869503315858,0.682365095688655,1.53714377205696,0.405153129793645
"437",0.664038697993587,-0.166195960046467,1,0.198207387569326,-0.285015179812626,0.823534167250421,0.25200305067408,-0.166807385148405,-0.543440137805248
"438",-2.1317265172881,-2.2759820926245,1,-2.23441575545399,0.901156214319144,0.0258042308118366,-0.427665869339364,1.57625194148135,0.656651309067181
"439",0.304876987857241,0.263093197633053,1,0.342262807640054,-0.200312822268797,-0.433760181125739,-0.20292661415096,-1.96310108911763,-0.951681734180886
"440",-1.23838984912358,-2.07451328756384,1,-1.23862469764329,1.17751907675113,0.0808518799154037,0.485421860429885,0.232788204412591,0.0236488109752427
"441",0.13101683648367,1.24715926172478,1,0.732062459768119,-0.605245829165136,-0.909374104896512,-0.483375700951095,-1.83048105018288,1.10001024771077
"442",0.0927925287186451,0.333710745082812,1,-0.126718890818217,0.77254937324754,-1.10403463750535,-0.534392532442915,-1.23593646523357,0.277093103456205
"443",-0.54444337477427,-3.2133922152905,1,-0.739868104724965,-2.0848271011305,2.37288882981418,1.09999204048615,1.06390855172716,0.45148407403224
"444",0.622472821536963,0.621115642824668,1,0.213901557933676,-1.24427500098311,0.319278774797136,0.752242144077386,1.14908264790561,-0.742071287808071
"445",1.94565544352845,-0.138776433800242,1,1.24303145432825,1.43945356012116,1.22106773289886,1.26091774783073,2.61683584051968,-2.56372324595586
"446",0.000687150878650947,0.702261909650544,1,0.174142603096035,-1.09132976001689,0.07232591453601,-1.61045901207144,0.00606260561209372,0.916539987833145
"447",0.215653739527581,-0.349801178883024,1,0.581655213627381,-1.24621666113619,0.136489362447224,1.36124234205992,-0.234743457121366,0.379749994262608
"448",-0.156474443948663,1.25813634626902,1,0.00774288482706062,-0.54799098880296,-0.87525782876083,-0.183729587569005,-1.53902289030384,0.477161479804163
"449",0.163920393355048,0.52894607785249,1,0.458324118158135,2.00950746365233,0.377822732983664,-2.17557132568643,-1.22064301731308,-0.167370203727799
"450",-1.32204186627003,-1.34497957581215,1,-1.47778528863923,-0.885245512164485,-0.0157711582224819,-1.67877863541051,0.594535362525304,1.07737331916875
"451",0.816594282389876,1.03820313918573,1,1.13054478424689,-0.573510171284341,-0.496079546691797,0.65805122792068,-0.810639357660988,0.164410029169602
"452",0.143947668630417,0.400698628303052,1,0.0810832861458917,1.95932388696357,-0.595774375612469,-0.10401805834305,-0.196139605837435,-0.236813998761959
"453",-0.730131113181363,-0.560610495868789,1,-0.139697912397946,-1.25515618736147,0.133121257477746,-0.0794780561381181,-0.504382587061757,1.05763966580189
"454",-1.50745938981767,-1.32286379934631,1,-1.56509054085727,-0.787830487025086,-1.08147128300901,1.3473051451176,0.294188094359235,0.078974757396259
"455",-0.373780230761193,0.313199530455068,1,-0.194120296488815,0.0543696766511253,-0.466131264448616,-1.87231873290446,-0.387392811948637,0.462424463089025
"456",1.24226220723064,1.06731292093692,1,1.0199136944993,0.259869453524815,0.645263892989459,-0.0548940913680625,1.12536210820558,-1.16448978038348
"457",-0.532519801267787,-0.381782591656121,1,-0.410077718210179,-0.73636293375948,-0.343462380545727,-0.115481986073298,-0.255416887802844,0.454543529420851
"458",-2.10912511477669,-2.92866958063904,1,-2.43598669562307,-1.64964495819207,0.403722529113418,1.26209055494378,1.7755139465395,0.535636509923204
"459",-0.830948140676971,-1.09164986495842,1,-1.03628171731689,-1.10671044829953,-0.133286593923626,0.506495086331007,0.927905900930208,1.01159006809672
"460",0.480523720492008,0.462943359531588,1,0.458994263388218,-0.0653500875457491,-0.911302956270431,0.422115579912276,-0.716870485354907,-0.53269704198691
"461",1.11086771644243,-1.05808728449717,1,0.587003328879531,-0.281514105448085,2.34089541335751,0.39609055907494,2.58107523103754,-0.665690956360112
"462",-0.233164578159976,-1.45814934638472,1,-1.34230923478576,-0.844444932583644,0.78009242867009,2.62562979040087,2.8619763707573,-1.47361291491921
"463",-0.590051529961905,-0.40853021537552,1,-0.377939194200596,-0.548796650552651,-0.181349459193625,1.28705398975188,0.113177165374117,1.22858952231229
"464",0.798043302164817,1.09595457613672,1,1.11523732366112,0.540703149499921,-1.02866412572056,-0.949824730234493,-1.01865306934442,-0.866012359032269
"465",0.489071688707765,0.642886639845466,1,0.630063123711992,1.02736349179727,-0.0412808134634128,0.383033863539311,0.197100689327499,-0.733606261982418
"466",1.34307840323979,0.132078724595548,1,1.11104819873149,1.25273125518822,1.41531492829808,-0.755956742197308,0.400774366664736,-2.57111274584763
"467",0.434475240815673,0.47061137280834,1,0.317592988518356,-0.250973967608493,0.790992228680057,0.383883384702252,0.829654376820539,-0.131172630413934
"468",0.885503408034556,-1.11294022343571,1,0.474547330332736,-0.0912976598910279,0.0946427722950972,1.32231065943297,0.990442451579834,-0.309853930257198
"469",-0.494036544032477,0.239190216324325,1,-0.372637337464749,-0.962393325107705,-0.557174234946063,0.0294197549412647,-0.956346684635444,0.918502884440438
"470",0.214436617144665,1.02552699362958,1,0.721880792085113,1.12983669274453,-1.24894231577876,-0.557193050656133,-0.856029902006386,0.271455115612681
"471",-0.111191763457795,0.635454541433722,1,-0.506932263863248,-0.366829711966024,-1.01239799004972,-0.399846215575996,-0.288015728685781,-0.456981845800932
"472",0.612602092681713,0.453196814430815,1,0.673636687985138,0.812525149245041,1.28382965533465,-0.753270815472374,-0.285495375058476,-0.924316972993195
"473",0.479212452493414,1.006229997697,1,0.217660884806684,0.77075516975348,1.09289438218683,-1.81049983936889,1.10421061857751,-1.6771498124674
"474",0.0411073138382533,-1.52277174295158,1,-0.520875812648862,-0.0090037938307988,1.13079665052823,-0.497024389883585,2.30323954466787,0.579910902683539
"475",-0.475053945029872,-0.702281545606986,1,-0.307482212938794,-1.15421879603258,-0.274649147729258,1.33621482941096,0.625100105942456,1.78600508400877
"476",-0.158840297963369,-0.00884998071890308,1,-0.26725379460377,-0.705141538188864,-0.473263795565644,-0.962006427884405,-0.796802226956232,0.811735518063078
"477",-0.0940477707905813,0.286106385879747,1,0.145194672629774,0.131034670134936,0.400514903644298,-1.81932553805541,-2.11992292536977,-1.1449762525258
"478",0.580392411571368,1.00001962485309,1,0.859986172631767,0.706296223129092,-0.502368572965964,-0.0426801445425257,-1.14590676661283,-0.588969758294071
"479",0.112324960423863,0.531926965096651,1,-0.00343154354016737,0.94737460287499,-0.789595267037265,-0.374993494031868,-0.27003004166397,-0.30101169596908
"480",0.273431886957838,-0.602503429083513,1,-0.15459706102576,0.413374820095945,-0.0339516449041313,0.719256068418639,1.05047020072079,0.753679873133832
"481",-0.174774955015652,-1.10444037554874,1,-0.51621664141734,-0.178349038724971,-0.0760562040604987,0.816657756830772,1.46370513115114,-0.0624191298891937
"482",-0.553435105638295,-0.537650999807421,1,-0.673657592354416,0.148421533776383,-0.0893424568013433,0.00101736092570265,-0.0937422102640441,0.493891866437171
"483",1.04284252978971,1.84455986610257,1,1.13047971022133,-0.217165742571701,-0.357765148907626,-0.583296647132019,0.400113748411899,0.0947689846768922
"484",0.00211335269464916,0.961402261520756,1,0.462384629486222,0.510324240944219,-0.819471257786133,0.903447464938541,-1.20721456445717,0.106253491497482
"485",0.598723868613961,0.0872038378500814,1,0.544810909270447,0.727522365582715,1.45293187148582,-0.205071468264131,0.888118247410433,-0.61754938593209
"486",-0.202627308423937,0.39726199435458,1,0.167890869451835,-0.0148451911520523,-0.665448775170358,1.00309944156668,-1.53840495740593,-0.345176348079938
"487",-0.312800432803557,0.376317540234858,1,-0.0374997975340129,0.605148669071989,-0.2185508317035,-0.216327082971834,0.0454830153172002,-0.343615720286184
"488",-0.0711166721120791,-0.010046326397142,1,0.150900844565678,0.479920866186915,0.4290504932168,-1.12440679448541,-1.0765792801834,-0.779377017997804
"489",0.206413263062851,-0.511410296928595,1,0.00405322007560325,-0.186250291684655,-0.0410698310268083,0.163366186931031,-0.0665925348090077,-0.0503267468378222
"490",0.329909148135689,-0.38009526264004,1,-0.0078186617562704,0.47925304287047,0.933259427808408,-0.716474539099176,1.25776854319798,-0.477453872962379
"491",-0.364183018881977,-0.696877642874951,1,-0.269822731069563,0.514991576067415,0.224764985698137,-0.203159273717278,-0.40246477338516,0.0816674141914017
"492",0.0878684728854376,-0.308815649317218,1,0.206388353568665,0.242619459855462,0.415465777973584,-0.0548459821130271,-0.548893493369759,0.16123816121024
"493",-0.737624630452325,-0.613368599606956,1,-0.941876490360473,0.0509345800980077,0.268613642879494,-1.77687955814389,-0.491168308463775,-0.647570983608459
"494",-0.304880148733449,0.690290960007497,1,0.150982492191227,0.209695508598307,-1.56249661523554,1.0888809327054,-2.75617364945802,0.169985892619915
"495",0.44681135318786,0.576688181894334,1,0.411328198128283,0.879340291759083,-0.129568871405868,-0.460986508901979,0.695155367480173,0.0348227522033704
"496",0.506737946629295,-0.850622076774821,1,0.0138798692137363,-0.154326845030815,0.743201520334289,-1.40207707060786,2.43386406890779,0.336206417906714
"497",-0.514303433361559,-0.214321521705578,1,-0.285633266268502,-0.277834463928982,0.830123147911888,-0.105954792686025,0.18171762139256,-0.195800510724725
"498",-0.359525812799334,-1.5633798509631,1,-0.496006604724428,-1.11581771073698,0.490245918837521,0.850518871788458,-0.0355716360222217,0.451982647308289
"499",0.0547903182115742,-0.325637340058528,1,0.0954830634573262,-0.234819139648,0.427157393929283,-0.386709494483396,0.138746649308993,-0.335241014103205
"500",-0.198639070602992,-1.28850363537627,1,-0.357504678904913,-1.90316835667568,0.970928455075121,0.49688322629048,0.474389847021865,0.0181210295484133
"501",-0.723452752478192,-1.09502043679904,1,-0.786834363824322,-0.330687136314641,0.802516752882393,0.83635142466184,0.723421030456117,0.393269177641448
"502",1.12725157083645,2.87833144565018,1,1.71107768555852,5.16452732976484,1.58656283562362,-1.84958104693776,1.37132081842505,-1.53375693178764
"503",0.329041503429528,-0.554495687018816,1,0.428814093750086,1.0611142705136,0.837582937211581,0.135537250406339,0.0502188722398202,0.0528252418650111
"504",0.792513210511341,-0.359718446916286,1,0.564435572015742,0.746894258622616,0.422230892771812,0.716375143280603,0.977930535126366,0.197018777785488
"505",0.15456009300829,-1.32086619917189,1,-0.496875026298385,-1.43909656868426,2.51857440799566,-0.364441602320282,2.63790205732738,0.0684593777030053
"506",0.875374632923328,0.388518848690235,1,1.21300233593563,1.72356101387256,1.16444186920856,-0.0593803733144024,-0.532343013162099,-0.651520093376366
"507",-0.18620804578912,0.644335408087998,1,-0.17301032831375,-1.24694137789607,-0.545176231469399,0.189930305775739,-0.927813736135148,-0.170596295928141
"508",0.0345127625226083,-0.129171472415928,1,0.0536245299654126,0.138960923482439,0.471922943414359,-0.067755376738849,0.155600962601463,0.300385394520038
"509",-0.438093347773639,-0.555622305968905,1,-0.505332091551572,-0.0870557228802974,0.0611684219585274,0.485639153901695,-0.108186973143984,-0.0434962614934731
"510",0.35860520007823,1.25040899361018,1,0.586587859620591,-0.638683099695808,-0.752938951645303,-1.06883394881965,-0.197023559962781,-0.72918306992929
"511",-0.322585717644156,-0.0417819765038281,1,-0.0303736362096373,0.334822133544543,-0.564442589098935,0.104384340556894,-0.973178242906996,0.290397450863359
"512",0.0713507109535305,-0.893698708751083,1,-0.179026591049557,-1.04241213318779,-0.07902638539698,0.509293523495408,0.419010412169935,0.0769114934201127
"513",0.238033478327332,-0.138191974450608,1,0.377786581035938,0.248097248819986,0.37454715227412,-0.0438977753405842,-0.169618106147086,0.911141106628277
"514",-0.203087638669722,1.10832127620623,1,-0.00501173877917345,0.294732420436667,-0.402303069876356,-0.475477748350898,-0.139571167014439,-0.27141952576597
"515",0.204552426235646,0.13774956299144,1,0.271481911605978,-0.0997568629684019,-0.633191316178764,0.558089404852264,-0.416131997743768,-0.398121973747874
"516",0.0746587700574257,1.24953264288569,1,0.518133033442987,-0.46531188986832,-0.212578326242999,0.0295781293335555,-0.956318818561607,-0.142221242816672
"517",0.0497698370226452,0.387791930124841,1,0.122494504510175,-1.00737818319444,-0.250951339593171,0.92777429580354,-1.03166225682245,-0.476044535278182
"518",0.185078239507151,0.624345825386908,1,0.182937465873898,-0.55121192651468,-0.15805000213925,-0.58472831624491,-0.477770272924122,0.410502847553373
"519",-0.547259674459726,-0.0681896373732912,1,-0.273632476973896,-1.12883243906766,-1.11530340320313,0.236563202938085,-1.69985003825787,-0.358599658956387
"520",0.316112556820293,-0.365900762520886,1,0.121582341603943,1.48126256023942,-0.261460216708401,0.164959046715893,-0.0530829795819082,0.114278477173821
"521",-0.521496410782636,-0.579808347470315,1,-0.691644848810598,-0.950495780347662,-1.0921226295828,0.617255846974269,-0.109609649981654,-0.504072815018012
"522",0.316862478983461,0.0218485840821041,1,0.340757916995373,1.38218683279244,0.462762672111013,-0.507718471883853,0.212683469359787,0.0971342105895956
