Dates,Manuf,Hlth 
20070402,0.74,0.39
20070403,0.53,1.06
20070404,0.2,0.45
20070405,0.2,0.71
20070409,0.29,0.06
20070410,0.51,0.21
20070411,-0.66,-0.07
20070412,0.85,0.99
20070413,0.09,1.28
20070416,0.78,0.87
20070417,-0.07,0.36
20070418,-0.16,-0.37
20070419,-0.55,0.64
20070420,1.39,0.57
20070423,0.17,-0.14
20070424,-0.04,-0.23
20070425,1.3,0.68
20070426,-0.01,0.22
20070427,0,-0.4
20070430,-0.99,-0.67
20070501,0.26,0.53
20070502,0.86,0.48
20070503,0.41,0.15
20070504,0.13,0.46
20070507,0.37,0.27
20070508,-0.08,-0.33
20070509,0.41,0.12
20070510,-1.52,-2.1
20070511,1.39,0.65
20070514,0.15,-0.03
20070515,-0.02,-0.41
20070516,0.49,0.8
20070517,0.42,-0.52
20070518,0.92,0.55
20070521,0.51,0.29
20070522,-0.42,0.18
20070523,-0.22,0.12
20070524,-1.47,-0.49
20070525,0.95,0.1
20070529,0.01,0.08
20070530,1.42,-0.09
20070531,0,0.36
20070601,0.64,0.2
20070604,0.44,-0.1
20070605,-0.44,-0.44
20070606,-1.2,-0.94
20070607,-2.13,-1.75
20070608,1.06,0.71
20070611,0.26,0.07
20070612,-1.09,-0.92
20070613,1.8,0.96
20070614,1.07,0.21
20070615,1.04,0.82
20070618,-0.1,-0.5
20070619,0.02,0.11
20070620,-1.93,-1.4
20070621,1.13,0.27
20070622,-1.16,-1.59
20070625,-0.47,-0.22
20070626,-0.93,0.53
20070627,1.12,0.8
20070628,-0.09,0.1
20070629,0.33,-0.31
20070702,1.49,0.88
20070703,0.34,0.19
20070705,0.09,0.09
20070706,0.53,-0.11
20070709,0.74,-0.05
20070710,-1.09,-1.06
20070711,0.69,0.73
20070712,1.99,1.35
20070713,0.66,-0.04
20070716,-0.8,-0.11
20070717,-0.09,-0.51
20070718,0.78,-0.48
20070719,0.91,-0.02
20070720,-1.28,-0.79
20070723,0.48,0.85
20070724,-2.53,-1.37
20070725,0.53,0.45
20070726,-2.9,-1.82
20070727,-1.77,-1.8
20070730,1.27,0.52
20070731,-0.91,-0.96
20070801,0.7,0.71
20070802,0.13,0.69
20070803,-2.9,-1.42
20070806,1.48,2.12
20070807,1.15,0.39
20070808,1.18,1.52
20070809,-2.86,-1.94
20070810,0.71,-0.73
20070813,-0.18,0
20070814,-1.49,-0.92
20070815,-1.99,-0.47
20070816,-0.64,-0.28
20070817,2.8,1.04
20070820,0.5,0.03
20070821,-0.53,0.01
20070822,1.43,0.95
20070823,-0.07,0.15
20070824,1.69,0.69
20070827,-1.03,-0.61
20070828,-2.39,-1.36
20070829,2.53,1.23
20070830,-0.26,-0.16
20070831,1.05,0.76
20070904,1.37,0.93
20070905,-0.62,-0.34
20070906,0.8,0.82
20070907,-1.82,-1.31
20070910,-0.5,-0.03
20070911,1.44,1.04
20070912,0.39,0.3
20070913,0.55,0.29
20070914,0.42,-0.08
20070917,-0.29,-0.93
20070918,2.86,1.86
20070919,0.82,0.95
20070920,-0.21,-0.46
20070921,0.67,0.58
20070924,-0.54,-0.29
20070925,-0.23,-0.09
20070926,0.69,0.68
20070927,0.58,0.17
20070928,-0.45,-0.55
20071001,1.35,1.34
20071002,-0.62,-0.21
20071003,-0.86,0.39
20071004,0.46,0.37
20071005,0.81,0.81
20071008,-0.51,-0.46
20071009,1.43,0.37
20071010,0.03,-0.13
20071011,-0.33,-0.49
20071012,0.68,0.37
20071015,-0.14,-0.83
20071016,-0.23,-0.89
20071017,-0.22,-0.1
20071018,0.43,0.29
20071019,-3.06,-1.26
20071022,-0.12,-0.18
20071023,0.78,1.19
20071024,0.52,-0.29
20071025,0.46,-0.11
20071026,1.01,0.52
20071029,0.69,0.28
20071030,-1.66,-0.19
20071031,1.68,0.69
20071101,-2.54,-1.77
20071102,0.84,0.02
20071105,-0.2,-0.29
20071106,1.8,0.43
20071107,-2.55,-2.03
20071108,1.06,0.4
20071109,-1.69,-0.54
20071112,-2.5,0.18
20071113,1.93,1.34
20071114,-0.2,-0.1
20071115,-1.47,-0.31
20071116,0.74,0.42
20071119,-1.4,-1.03
20071120,1.66,0.19
20071121,-1.37,-1.61
20071123,1.43,1.43
20071126,-1.69,-1.19
20071127,0.44,2.14
20071128,2.29,1.88
20071129,0.38,0.32
20071130,0.43,0.3
20071203,0.05,-0.91
20071204,-0.48,-0.39
20071205,1.6,0.89
20071206,1.73,0.62
20071207,0.1,-0.15
20071210,0.65,0.21
20071211,-2.39,-1.49
20071212,1.38,0.12
20071213,0.66,-0.27
20071214,-1.4,-1.1
20071217,-1.8,-1.25
20071218,0.98,0.66
20071219,0.07,-0.33
20071220,1.02,0.43
20071221,1.81,1.08
20071224,0.62,0.17
20071226,0.45,-0.12
20071227,-1.13,-1.25
20071228,0.55,-0.02
20071231,-1.01,-0.91
20080102,-0.66,-0.62
20080103,0.33,0.32
20080104,-2.11,-1.17
20080107,-0.52,1.82
20080108,-1.49,0.93
20080109,0.95,1.61
20080110,0.19,0.31
20080111,-1.42,0.2
20080114,1.48,-0.43
20080115,-2.64,-1.53
20080116,-1.95,0.54
20080117,-3.66,-1.77
20080118,-0.01,-1.67
20080122,-1.87,-2.52
20080123,1.39,-0.04
20080124,1.46,-0.08
20080125,-0.7,-1.7
20080128,1.56,1.4
20080129,0.59,0.18
20080130,-0.26,-1.14
20080131,1.14,0.8
20080201,1.49,1.61
20080204,0.09,0.52
20080205,-3.23,-1.99
20080206,-0.91,-0.07
20080207,0.71,0.21
20080208,0.46,-1.03
20080211,1.63,0.06
20080212,0.53,1.11
20080213,1.72,1.07
20080214,-0.65,-1.27
20080215,-0.34,0.11
20080219,1.31,0.28
20080220,1.08,-0.25
20080221,-1.67,-1.11
20080222,0.76,0.03
20080225,2.04,2.08
20080226,0.94,0.43
20080227,-0.68,-0.86
20080228,0.29,-0.63
20080229,-2.82,-1.14
20080303,0.7,0.22
20080304,-0.8,0.1
20080305,1.25,-0.19
20080306,-1.93,-2
20080307,-1.78,-0.95
20080310,-1.55,-1.61
20080311,3.89,1.86
20080312,-0.81,-0.11
20080313,1.19,0.44
20080314,-1.46,-1.87
20080317,-1.72,-0.35
20080318,3.35,2.49
20080319,-4.02,-0.55
20080320,0.52,1
20080324,1.52,0.92
20080325,0.75,0.22
20080326,0.76,-0.22
20080327,-0.75,-0.17
20080328,-0.39,-0.58
20080331,0.58,-0.27
20080401,2.35,2.05
20080402,0.7,-0.69
20080403,0.15,0.04
20080404,1.06,0.97
20080407,0.1,0.47
20080408,0.42,-0.37
20080409,-0.13,-0.71
20080410,0.22,1.29
20080411,-1.39,-1.55
20080414,0.89,-0.5
20080415,0.76,-0.42
20080416,2.66,0.87
20080417,-0.4,-1.17
20080418,1.63,0.84
20080421,0.27,-0.63
20080422,-0.6,-0.93
20080423,-0.36,0.84
20080424,-1.08,0.35
20080425,1.16,0.67
20080428,-0.26,0.49
20080429,-1.22,-1.07
20080430,0.39,-0.32
20080501,-0.39,1.69
20080502,0.89,-0.22
20080505,0.34,-0.34
20080506,1.32,-0.11
20080507,-1.33,-1.42
20080508,1.25,0.24
20080509,-0.49,-0.38
20080512,0.68,0.79
20080513,0.79,-0.47
20080514,-0.24,0.54
20080515,1.13,0.06
20080516,1.31,0.14
20080519,0.54,0.24
20080520,0.25,-0.23
20080521,-1.35,-0.82
20080522,-0.39,0.59
20080523,-1.55,-1.01
20080527,-0.14,0.54
20080528,1.23,-0.09
20080529,-0.77,1.72
20080530,0.75,0.23
20080602,-0.38,-0.75
20080603,-1.04,0.16
20080604,-0.41,0.3
20080605,2.73,0.89
20080606,-2.16,-2.34
20080609,1.56,-0.48
20080610,-1.17,-0.41
20080611,-0.3,-1.38
20080612,-0.59,0.44
20080613,1.43,1.27
20080616,0.17,-0.21
20080617,0.67,-0.26
20080618,-0.44,-0.77
20080619,-0.81,1.16
20080620,-1.23,-1.31
20080623,1.87,0.18
20080624,-1.55,0.24
20080625,-0.23,0.84
20080626,-2.16,-1.96
20080627,0.08,0.41
20080630,1.1,1.04
20080701,0.32,0.92
20080702,-2.96,-0.45
20080703,-0.29,0.45
20080707,-1.38,-0.71
20080708,-0.16,3.09
20080709,-1.32,-0.35
20080710,1.98,0.64
20080711,-0.58,-0.75
20080714,0.2,-0.44
20080715,-2.45,1.71
20080716,-0.45,0.98
20080717,-0.93,0.81
20080718,0.43,-0.54
20080721,1.94,-0.22
20080722,-0.77,0.45
20080723,-2.2,0.45
20080724,-1.47,-0.08
20080725,0.84,0.74
20080728,-0.63,-0.94
20080729,0.68,0.62
20080730,3.57,-0.09
20080731,-2.53,0.32
20080801,-0.83,-0.71
20080804,-3.16,0.86
20080805,1.46,2.18
20080806,1.31,0.64
20080807,-1.24,-1.38
20080808,1,2.12
20080811,0.03,0.35
20080812,-0.53,-0.3
20080813,1.77,-0.27
20080814,-0.58,0.47
20080815,-0.44,0.45
20080818,-0.93,-0.88
20080819,0.71,-0.61
20080820,1.43,-0.41
20080821,1.06,-0.02
20080822,-0.19,1.05
20080825,-1.63,-1.35
20080826,1,0.05
20080827,1.11,-0.09
20080828,0.61,0.85
20080829,-1.33,-1.1
20080902,-2.66,0.1
20080903,-0.66,0.03
20080904,-2.54,-2.21
20080905,-0.09,-0.37
20080908,0.3,1.49
20080909,-4.75,-1.5
20080910,1.99,0.19
20080911,1.34,1.09
20080912,2.04,-0.26
20080915,-5.09,-2.03
20080916,1.87,0.54
20080917,-3.51,-3.31
20080918,3.05,2.41
20080919,4.6,0.92
20080922,-2.18,-2.32
20080923,-2.38,-0.37
20080924,-0.33,0.37
20080925,1.56,1.53
20080926,-1.23,0.15
20080929,-8.3,-5.22
20080930,4.25,3.01
20081001,-1.37,-0.27
20081002,-5.55,-1.54
20081003,-0.88,-0.7
20081006,-4.06,-4.58
20081007,-5.17,-3.34
20081008,-0.36,-0.84
20081009,-8.6,-6.7
20081010,-4.67,-3.33
20081013,14.52,11.1
20081014,-1.1,-0.24
20081015,-11.86,-5.9
20081016,6.3,3.7
20081017,-0.45,-0.29
20081020,7.74,3.87
20081021,-3.7,-1.31
20081022,-8.09,-4.48
20081023,3.14,1.12
20081024,-3.6,-2.6
20081027,-4.51,-2.81
20081028,10.71,6.53
20081029,0.91,-1.09
20081030,4.19,2.54
20081031,1.09,1.3
20081103,-0.94,0.77
20081104,4.73,1.51
20081105,-4.69,-3.5
20081106,-5.49,-2.86
20081107,3.76,2.76
20081110,-0.46,-0.33
20081111,-2.68,-1.38
20081112,-5.74,-3.17
20081113,8.98,5.94
20081114,-4.16,-3.52
20081117,-1.56,-1.85
20081118,1.69,0.7
20081119,-5.38,-4.57
20081120,-8.31,-6.25
20081121,9.11,3.64
20081124,5,2.88
20081125,0.5,0.07
20081126,4.22,1.23
20081128,0.27,1.25
20081201,-9.04,-6.35
20081202,3.31,3.55
20081203,1.29,2.95
20081204,-4.75,-2.36
20081205,2.19,3.24
20081208,4.16,1.36
20081209,-1.26,-2.04
20081210,3.02,0.62
20081211,-1.73,-0.42
20081212,0.5,0.83
20081215,-0.92,-0.86
20081216,4.31,3.91
20081217,-1.08,-0.48
20081218,-3.22,0.45
20081219,-0.14,0.7
20081222,-1.8,-0.58
20081223,-0.9,-0.36
20081224,0.5,0.11
20081226,1.33,0.16
20081229,0.19,-0.73
20081230,2.36,2.19
20081231,1.64,1.16
20090102,3.76,1.81
20090105,0.74,-0.96
20090106,0.86,-1.28
20090107,-3.41,-0.93
20090108,0.91,0.57
20090109,-2.32,-0.68
20090112,-2.41,-0.98
20090113,0.36,1.01
20090114,-3.54,-1.45
20090115,1.03,0.62
20090116,1.27,0.75
20090120,-4.15,-2.66
20090121,4.09,2.33
20090122,-1.76,-0.46
20090123,0.71,0.23
20090126,1.11,-0.55
20090127,0.57,1.67
20090128,2.49,0.89
20090129,-2.94,-0.88
20090130,-2.22,-1.14
20090202,-1.09,0.84
20090203,1.73,2.16
20090204,0.14,-0.7
20090205,2.01,0.7
20090206,2.02,1.04
20090209,-0.16,-0.45
20090210,-4.32,-2.85
20090211,-0.58,1.16
20090212,-0.08,0.94
20090213,-0.13,-0.85
20090217,-5.4,-1.76
20090218,-0.51,0.02
20090219,-0.16,-0.38
20090220,-2.11,-0.98
20090223,-4.15,-1.93
20090224,3.9,1.87
20090225,-1.23,-1.61
20090226,-0.89,-4.03
20090227,-2.11,-4.3
20090302,-5.91,-4
20090303,-0.56,-0.09
20090304,3.45,2.41
20090305,-4.74,-2.8
20090306,0.69,1.81
20090309,-0.64,-0.73
20090310,5.14,3.04
20090311,-0.19,-1.44
20090312,2.65,5.01
20090313,0.23,2.83
20090316,0.89,-1.13
20090317,2.65,1.64
20090318,1.55,0.03
20090319,0.79,-2.07
20090320,-2.73,0.14
20090323,6.78,3.53
20090324,-1.69,-1.3
20090325,0.66,0.61
20090326,2.25,1.44
20090327,-2.26,-1.01
20090330,-3.4,-0.7
20090331,0.34,0.3
20090401,1.81,-0.22
20090402,3.73,0
20090403,1.31,-1.31
20090406,-1.08,0.11
20090407,-2.6,-1.26
20090408,1.15,1.08
20090409,3.07,0.66
20090413,-1.17,-0.13
20090414,-1.15,-0.39
20090415,0.98,0.47
20090416,1.45,0.62
20090417,0.68,1.11
20090420,-4.14,-2.1
20090421,2.11,-0.38
20090422,-0.35,-1.38
20090423,0.96,0.27
20090424,2.23,0.49
20090427,-1.14,0.92
20090428,-0.07,-0.08
20090429,2.53,1.13
20090430,-0.68,-0.42
20090501,2.23,-0.3
20090504,3.12,1.86
20090505,-1.02,0.57
20090506,1.99,-0.65
20090507,-1.3,1.9
20090508,3.35,0.9
20090511,-2.44,-0.6
20090512,0.42,1.19
20090513,-3.26,-0.43
20090514,0.66,0.18
20090515,-1.49,-1.1
20090518,3.12,1.24
20090519,0.71,-0.42
20090520,-0.2,0.29
20090521,-2.46,-1.06
20090522,0.29,0.06
20090526,2.52,1.51
20090527,-1.74,-1.13
20090528,1.97,0.4
20090529,1.12,1.74
20090601,4.19,0.35
20090602,0.16,1.33
20090603,-2.57,-0.04
20090604,1.7,-0.96
20090605,-0.06,-0.31
20090608,-0.42,-0.82
20090609,0.45,-0.08
20090610,0.41,-0.54
20090611,1.13,1.36
20090612,-0.27,0.44
20090615,-2.61,-2.8
20090616,-1.76,-0.16
20090617,-0.89,1.99
20090618,0.48,1.84
20090619,-0.66,0.53
20090622,-3.56,-1.84
20090623,0.05,-0.12
20090624,0.31,0.62
20090625,2.29,2.81
20090626,-0.33,0.26
20090629,1.21,0.44
20090630,-0.99,-0.6
20090701,0.75,-0.08
20090702,-3.24,-2.27
20090706,-0.46,0.54
20090707,-2.38,-0.78
20090708,-0.09,0.75
20090709,0.7,-1.04
20090710,-0.53,-0.37
20090713,1.98,1.59
20090714,1.06,0.45
20090715,3.15,1.07
20090716,1.27,0.81
20090717,0.02,-0.5
20090720,1.56,0.73
20090721,0.7,1.42
20090722,-0.38,-0.61
20090723,2.8,2.23
20090724,0.95,1.63
20090727,0.21,0.13
20090728,-0.9,-0.13
20090729,-1.21,0.34
20090730,1.46,0.21
20090731,0.36,-0.63
20090803,2.02,0.71
20090804,-0.01,0.19
20090805,-0.94,-1.08
20090806,-0.67,-1.22
20090807,0.81,0.82
20090810,-0.22,0.58
20090811,-1.02,-0.38
20090812,1.35,0.5
20090813,0.73,-0.2
20090814,-1.31,-0.28
20090817,-2.65,-0.48
20090818,1.09,0.06
20090819,1.09,1.46
20090820,0.84,0.49
20090821,2.27,1.25
20090824,0.48,0.27
20090825,-0.51,0.36
20090826,-0.04,0.04
20090827,0.05,0.17
20090828,-0.21,-0.82
20090831,-1.35,-0.21
20090901,-1.66,-1.32
20090902,-0.49,-0.27
20090903,0.69,-0.07
20090904,1.3,1.41
20090908,1.8,-0.02
20090909,0.58,1
20090910,1.43,0.51
20090911,-0.01,-0.17
20090914,0.79,0.81
20090915,1,-0.47
20090916,1.75,0.39
20090917,-0.33,0.06
20090918,0.27,0
20090921,-0.86,0.66
20090922,1.05,-0.21
20090923,-1.35,-0.97
20090924,-1.21,-0.32
20090925,-0.45,0.01
20090928,1.57,1.57
20090929,-0.09,-0.04
20090930,-0.46,-0.34
20091001,-2.78,-1.88
20091002,-0.79,-0.18
20091005,1.89,0.58
20091006,1.66,0.82
20091007,0.13,0.05
20091008,1.75,0.26
20091009,0.34,0.87
20091012,0.58,0.26
20091013,-0.19,-0.83
20091014,1.61,1.35
20091015,0.99,0.8
20091016,-0.26,-0.47
20091019,1.27,0.89
20091020,-0.77,-1.41
20091021,-0.43,-1.28
20091022,1.02,0.74
20091023,-1.76,-1.25
20091026,-1.5,-0.99
20091027,-0.04,0.21
20091028,-2.6,-1.59
20091029,2.42,0.81
20091030,-3.17,-1.53
20091102,0.55,0.57
20091103,0.85,0.17
20091104,0.02,0.78
20091105,2.28,1.88
20091106,-0.14,0.26
20091109,2.22,1.57
20091110,-0.04,0.47
20091111,0.23,0.32
20091112,-1.64,-0.56
20091113,0.75,0.15
20091116,2.21,1.54
20091117,0.06,0.11
20091118,-0.34,0.16
20091119,-1.79,-0.67
20091120,-0.5,0.5
20091123,1.37,0.84
20091124,0.1,0.79
20091125,1.01,0.56
20091127,-2.03,-1.11
20091130,0.2,-0.21
20091201,1.64,1.24
20091202,0.16,0.51
20091203,-1.01,-0.37
20091204,-0.06,0.17
20091207,0.08,-0.33
20091208,-1.32,-0.89
20091209,0.3,0.55
20091210,0.61,0.68
20091211,0.64,0.13
20091214,0.83,0.91
20091215,-0.19,-0.24
20091216,0.26,-0.29
20091217,-0.99,-1.08
20091218,0.23,0.46
20091221,0.97,0.99
20091222,0.31,0.51
20091223,0.54,0.17
20091224,0.52,0.1
20091228,0.1,0.44
20091229,-0.27,-0.13
20091230,-0.07,0.03
20091231,-1.17,-1.09
20100104,2.3,1.3
20100105,0.38,-0.6
20100106,0.73,0.53
20100107,-0.05,0.13
20100108,0.55,0.25
20100111,0.28,0.49
20100112,-1.15,-0.5
20100113,0.62,1.34
20100114,-0.01,0.66
20100115,-0.95,-0.61
20100119,1.18,1.91
20100120,-1.42,-0.55
20100121,-2.09,-2.03
20100122,-1.95,-1.2
20100125,0.59,-0.13
20100126,-0.39,-0.26
20100127,-0.33,0.59
20100128,-1.05,-0.87
20100129,-1.23,-0.39
20100201,2.16,0.4
20100202,1.35,1.81
20100203,-0.62,-0.82
20100204,-3.46,-2.66
20100205,-0.15,-0.18
20100208,-0.88,-0.43
20100209,1.85,0.68
20100210,-0.4,-0.39
20100211,1.48,0.69
20100212,-0.3,0.14
20100216,2.25,0.98
20100217,0.18,0.7
20100218,0.79,0.41
20100219,0.53,0.02
20100222,-0.58,-0.3
20100223,-1.42,-1.09
20100224,0.68,0.67
20100225,-0.14,-0.34
20100226,0.03,0.15
20100301,1.34,1.24
20100302,0.63,0.54
20100303,0.19,-0.45
20100304,-0.03,0.01
20100305,1.52,1.2
20100308,-0.21,-0.24
20100309,0.14,-0.02
20100310,0.4,0.37
20100311,0.15,0.38
20100312,0.07,-0.3
20100315,-0.46,0.61
20100316,0.76,0.2
20100317,0.75,0.11
20100318,-0.63,0.36
20100319,-0.78,-0.24
20100322,0.24,0.86
20100323,0.9,0.58
20100324,-0.73,-0.83
20100325,-1.03,-0.63
20100326,0.25,-0.61
20100329,1.26,0.82
20100330,0.11,-0.09
20100331,-0.16,-0.29
20100401,1.28,0.64
20100405,1.26,-0.06
20100406,0.07,-0.21
20100407,-0.8,-0.29
20100408,0.16,-0.24
20100409,0.79,0.47
20100412,0.26,-0.06
20100413,-0.28,0.23
20100414,0.91,0.12
20100415,0.18,-0.13
20100416,-1.33,-0.74
20100419,0.01,0.49
20100420,1.36,0.32
20100421,0.26,-1.63
20100422,0.5,-1.29
20100423,1.23,1
20100426,-0.05,-0.9
20100427,-2.52,-1.23
20100428,0.87,0.58
20100429,0.53,1.61
20100430,-1.34,-0.79
20100503,1.3,0.82
20100504,-2.73,-1.14
20100505,-1.2,-0.2
20100506,-3.25,-2.81
20100507,-1.66,-1.5
20100510,4.44,2.74
20100511,-0.36,0.09
20100512,1.75,0.79
20100513,-0.83,-0.94
20100514,-1.9,-1.63
20100517,-0.34,0.11
20100518,-1.03,-0.92
20100519,-1.12,-0.33
20100520,-4.14,-3.43
20100521,1.52,0.13
20100524,-1.59,-0.13
20100525,-0.06,-0.54
20100526,-0.01,-0.67
20100527,3.68,2.04
20100528,-1.33,-0.66
20100601,-3.04,-1.18
20100602,3.07,2.48
20100603,0.78,0.39
20100604,-3.76,-3.17
20100607,-1.2,-0.56
20100608,1.43,-0.02
20100609,-0.58,-0.51
20100610,3.73,2.11
20100611,0.56,1.1
20100614,-0.05,0.2
20100615,2.67,1.8
20100616,-0.19,0.2
20100617,0.04,0.02
20100618,0.42,-0.17
20100621,-0.19,-0.42
20100622,-2.37,-0.78
20100623,-0.48,-0.24
20100624,-1.79,-0.64
20100625,0.35,0.47
20100628,-0.57,0.06
20100629,-3.14,-1.91
20100630,-0.68,-0.72
20100701,-0.4,-0.94
20100702,-0.36,0.22
20100706,0.48,0.11
20100707,3.37,2.15
20100708,1.4,1
20100709,0.68,0.22
20100712,-0.43,-0.4
20100713,1.58,0.96
20100714,-0.1,-0.07
20100715,0.05,0.2
20100716,-2.65,-2.33
20100719,0.67,0.43
20100720,1.72,-0.16
20100721,-0.94,-1.55
20100722,2.35,1.15
20100723,1.11,0.4
20100726,1.14,1.68
20100727,-0.2,0.33
20100728,-0.56,-1.39
20100729,-0.47,-0.17
20100730,-0.08,0.4
20100802,2.59,1.85
20100803,-0.57,0.8
20100804,0.66,1.15
20100805,0.08,-0.33
20100806,-0.53,0.2
20100809,0.57,0.47
20100810,-0.66,0.05
20100811,-2.94,-2.55
20100812,-0.41,0.39
20100813,-0.21,-0.58
20100816,0.05,-0.18
20100817,1.7,1.26
20100818,-0.28,-0.15
20100819,-1.69,-1.64
20100820,-0.69,-0.34
20100823,-0.31,0.19
20100824,-1.33,-2.06
20100825,-0.07,0.85
20100826,-0.6,-0.83
20100827,2.37,1.31
20100830,-1.5,-1.11
20100831,0.03,-0.32
20100901,3.24,2.31
20100902,0.84,0.72
20100903,1.05,0.83
20100907,-1.3,-0.75
20100908,0.6,0.61
20100909,0.14,0.98
20100910,0.61,0.9
20100913,0.97,0.24
20100914,-0.21,0.34
20100915,-0.04,0.9
20100916,-0.13,-0.26
20100917,0.16,0.1
20100920,1.55,1.34
20100921,-0.26,-0.11
20100922,-0.3,-0.05
20100923,-0.88,-0.5
20100924,2.22,1.5
20100927,-0.32,-0.65
20100928,0.61,0.89
20100929,0.2,-0.29
20100930,-0.21,-0.34
20101001,0.79,0.05
20101004,-1,-0.82
20101005,2.25,1.88
20101006,0.32,-0.1
20101007,-0.26,-0.07
20101008,1.25,0.46
20101011,0.09,-0.06
20101012,0.05,0.2
20101013,1.01,0.6
20101014,-0.25,-0.15
20101015,0.17,0.3
20101018,0.6,0.91
20101019,-1.88,-1.68
20101020,1.4,0.53
20101021,0.01,0.36
20101022,0.07,-0.03
20101025,0.35,0.37
20101026,-0.3,-0.31
20101027,-0.39,-0.45
20101028,-0.21,0.46
20101029,0.31,-0.47
20101101,-0.02,-0.03
20101102,1.01,0.46
20101103,0.06,0.11
20101104,2.34,0.5
20101105,0.38,-0.57
20101108,0.1,-0.38
20101109,-0.48,-0.48
20101110,0.57,0.07
20101111,0.32,0.11
20101112,-1.37,-1.19
20101115,-0.08,0.16
20101116,-1.7,-1.27
20101117,0.23,0.05
20101118,1.81,1.31
20101119,0.44,-0.04
20101122,-0.05,-0.1
20101123,-1.49,-1.21
20101124,1.61,1.03
20101126,-0.81,-0.57
20101129,0.02,-0.46
20101130,-0.36,-0.83
20101201,2.36,1.67
20101202,1.17,0.53
20101203,0.39,0.22
20101206,0.12,-0.48
20101207,-0.03,0.07
20101208,-0.31,0.18
20101209,0.25,0.28
20101210,0.52,1.06
20101213,0.37,0.06
20101214,0.12,1.23
20101215,-0.53,0.08
20101216,0.8,0.87
20101217,0.11,0.2
20101220,0.43,0.09
20101221,0.78,-0.03
20101222,0.21,0.05
20101223,0.1,0
20101227,-0.25,-0.21
20101228,0.19,-0.02
20101229,0.36,0.01
20101230,0.01,-0.27
20101231,-0.09,-0.26
20110103,0.96,0.88
20110104,-0.42,0.17
20110105,0.3,0.33
20110106,-0.35,0.05
20110107,0.24,-0.11
20110110,-0.12,-0.32
20110111,0.86,0.43
20110112,0.99,0.6
20110113,-0.07,-0.65
20110114,0.67,-0.07
20110118,0.67,0.3
20110119,-1.14,-0.8
20110120,-0.64,0.19
20110121,0.25,-0.15
20110124,0.71,0.17
20110125,-0.11,-0.1
20110126,1.3,-0.02
20110127,-0.17,0.02
20110128,-1.08,-1.79
20110131,1.46,0.18
20110201,1.64,1.6
20110202,-0.07,-0.09
20110203,0.09,0.05
20110204,0.05,0.33
20110207,0.81,0.03
20110208,0.1,0.3
20110209,-0.66,-0.35
20110210,0.54,0.09
20110211,0.43,0.12
20110214,0.93,0.41
20110215,-0.79,0.08
20110216,0.85,0.46
20110217,0.67,0.34
20110218,0.29,0.15
20110222,-1.58,-1.49
20110223,0.19,-0.88
20110224,-0.54,0.19
20110225,1.25,1
20110228,0.61,0.95
20110301,-1.62,-0.74
20110302,0.44,0.25
20110303,1.77,1.81
20110304,-0.64,-0.07
20110307,-0.81,-0.73
20110308,0.37,0.89
20110309,-0.36,0.07
20110310,-2.68,-1.57
20110311,1.08,0.46
20110314,-0.02,-0.4
20110315,-1,-1.18
20110316,-1.6,-1.59
20110317,1.87,1.13
20110318,0.15,0.8
20110321,2.26,0.59
20110322,-0.31,-0.04
20110323,0.32,-0.06
20110324,0.55,1.01
20110325,0.72,0.25
20110328,-0.4,-0.13
20110329,0.94,0.76
20110330,0.88,0.82
20110331,-0.02,0.01
20110401,0.57,0.48
20110404,0.13,0.62
20110405,0.15,-0.17
20110406,-0.44,0.32
20110407,-0.13,-0.06
20110408,-0.18,0.03
20110411,-1.17,0.33
20110412,-1.85,-0.19
20110413,0.22,0.1
20110414,0.36,0.57
20110415,0.79,0.98
20110418,-1.4,-1.1
20110419,0.88,0.67
20110420,1.84,0.91
20110421,0.6,-0.15
20110425,-0.4,0.08
20110426,1.2,1.25
20110427,0.15,1.29
20110428,0.22,0.34
20110429,0.98,-0.13
20110502,-0.71,0.78
20110503,-1.34,-0.42
20110504,-1.2,-0.25
20110505,-1.29,-0.78
20110506,0.53,0.68
20110509,1.14,0.57
20110510,0.75,0.61
20110511,-1.88,-0.24
20110512,0.21,1.06
20110513,-0.7,-0.47
20110516,-0.62,-0.21
20110517,-0.42,0.09
20110518,1.42,0.7
20110519,0.26,-0.34
20110520,-0.51,-0.66
20110523,-1.45,-0.96
20110524,0.38,-0.18
20110525,1.02,0.29
20110526,0.37,0.2
20110527,0.47,0.31
20110531,1.05,1.22
20110601,-2.45,-1.54
20110602,-0.11,-0.29
20110603,-0.76,-0.96
20110606,-1.25,-0.79
20110607,0.02,0.28
20110608,-0.23,-0.09
20110609,0.94,0.52
20110610,-1.46,-1.7
20110613,-0.69,0.5
20110614,1.72,0.79
20110615,-1.87,-1.23
20110616,0.16,0.18
20110617,0.06,0.07
20110620,0.67,0.86
20110621,1.61,0.65
20110622,-0.5,-0.5
20110623,-0.62,0.08
20110624,-1.11,-1.1
20110627,0.65,0.47
20110628,1.85,1.38
20110629,0.88,0.17
20110630,1.32,0.43
20110701,1.25,1.15
20110705,0.05,-0.14
20110706,0.09,0.39
20110707,1.09,0.19
20110708,-0.66,-0.25
20110711,-1.88,-1.33
20110712,-0.41,0.02
20110713,0.55,0.47
20110714,-0.79,-0.21
20110715,1.56,-0.36
20110718,-0.89,-0.93
20110719,1.49,1.15
20110720,0.01,-0.56
20110721,1.52,1.34
20110722,-0.2,-0.31
20110725,-0.49,-1.4
20110726,-0.81,-0.8
20110727,-2.05,-1.7
20110728,-0.67,-0.1
20110729,-0.72,-0.3
20110801,-0.1,-1.63
20110802,-2.76,-2.44
20110803,-0.15,0.21
20110804,-5.98,-4.55
20110805,-0.24,0.56
20110808,-7.46,-5.42
20110809,4.81,3.78
20110810,-3.5,-4.04
20110811,5.03,4.45
20110812,0.91,0.94
20110815,2.65,2.06
20110816,-1.53,-0.24
20110817,0.16,-0.01
20110818,-4.91,-3.52
20110819,-1.53,-0.13
20110822,-0.22,0.02
20110823,3.83,3.26
20110824,1.23,1.01
20110825,-1.83,-1.8
20110826,1.76,1.31
20110829,3.05,2.74
20110830,0.5,0.4
20110831,0.52,0.62
20110901,-1.18,-0.97
20110902,-2.49,-2.19
20110906,-0.88,0.43
20110907,3.1,2.55
20110908,-1.16,-1.04
20110909,-2.76,-2.83
20110912,0.24,0.22
20110913,0.96,0.83
20110914,1.35,1.02
20110915,1.72,1.11
20110916,0.43,0.37
20110919,-1.05,-0.89
20110920,-0.55,0.81
20110921,-3.44,-2.25
20110922,-4.48,-2.28
20110923,0.12,0.33
20110926,2.69,1.31
20110927,1.63,1.52
20110928,-2.79,-1.64
20110929,1.1,0.9
20110930,-2.61,-1.14
20111003,-3.23,-3.26
20111004,2.64,1.5
20111005,2.33,1.61
20111006,1.83,1.11
20111007,-0.83,-0.17
20111010,3.68,2.29
20111011,0.04,-0.41
20111012,0.94,0.24
20111013,-0.25,0.33
20111014,2.33,0.89
20111017,-1.85,-1.89
20111018,2.47,1.21
20111019,-1.01,-0.59
20111020,0.56,0.11
20111021,2.22,1.77
20111024,1.23,1.31
20111025,-2.06,-2.15
20111026,1.61,1.23
20111027,3.58,2.03
20111028,0.13,0.37
20111031,-3.16,-1.93
20111101,-2.92,-1.89
20111102,2.33,0.65
20111103,2.2,1.33
20111104,-0.14,-0.9
20111107,0.42,0.91
20111108,1.19,0.9
20111109,-3.83,-2.78
20111110,1.26,1.21
20111111,1.93,1.67
20111114,-0.96,-0.71
20111115,0.22,0.25
20111116,-1.26,-1.57
20111117,-1.86,-1.05
20111118,-0.03,-0.22
20111121,-1.91,-1.45
20111122,-0.77,0.3
20111123,-2.54,-1.59
20111125,-0.4,-0.42
20111128,3.37,2.98
20111129,0.72,0.31
20111130,4.9,3.64
20111201,-0.52,0.01
20111202,-0.13,-1.26
20111205,0.97,0.44
20111206,0.08,0.41
20111207,-0.34,0.45
20111208,-2.37,-1.74
20111209,1.93,1.54
20111212,-1.93,-1.09
20111213,-0.75,-0.15
20111214,-1.91,-0.07
20111215,0.4,1.17
20111216,0.67,0.09
20111219,-1.4,-0.33
20111220,3.5,2.12
20111221,0.81,0.85
20111222,0.81,0.4
20111223,0.8,0.65
20111227,0.27,0.23
20111228,-1.59,-1.09
20111229,1.18,1
20111230,-0.35,-0.16
20120103,1.7,0.92
20120104,0.19,-0.74
20120105,-0.13,0.35
20120106,-0.39,-0.03
20120109,0.43,0.28
20120110,0.94,1.01
20120111,-0.56,0.25
20120112,0.06,0.33
20120113,-0.46,-0.34
20120117,0.68,0.46
20120118,1.12,0.58
20120119,0.17,0.1
20120120,-0.16,-0.02
20120123,0.19,-0.54
20120124,-0.13,0.35
20120125,1.16,0.91
20120126,-0.69,-0.3
20120127,-0.25,0.1
20120130,-0.52,-0.17
20120131,-0.27,-0.11
20120201,0.86,1.04
20120202,0.14,-0.1
20120203,1.51,0.82
20120206,0.42,0.13
20120207,0.31,-0.06
20120208,0,-0.33
20120209,0.1,-0.55
20120210,-0.85,-0.33
20120213,0.75,0.96
20120214,-0.03,-0.14
20120215,-0.41,-0.22
20120216,1.35,0.81
20120217,0.22,-0.56
20120221,0.23,-0.93
20120222,-0.06,0.06
20120223,0.48,0.38
20120224,0.25,0.48
20120227,-0.07,0.06
20120228,-0.07,0.4
20120229,-0.74,-0.64
20120301,0.56,0.45
20120302,-0.71,-0.27
20120305,-0.46,-0.1
20120306,-1.71,-1.54
20120307,0.7,0.39
20120308,0.96,1.22
20120309,0.27,0.36
20120312,-0.06,0.07
20120313,1.48,1.45
20120314,-0.74,-0.2
20120315,0.38,0.36
20120316,0.45,-0.01
20120319,0.25,0.17
20120320,-1.05,-0.46
20120321,-0.45,0.01
20120322,-1.32,-0.25
20120323,0.68,0.34
20120326,1.1,1.67
20120327,-0.47,0.17
20120328,-1.09,-0.37
20120329,0.14,-0.15
20120330,0.48,0.61
20120402,0.89,0.44
20120403,-0.64,0.09
20120404,-1.02,-0.87
20120405,-0.41,0.05
20120409,-1.27,-1.38
20120410,-2.02,-1.4
20120411,0.53,0.43
20120412,1.84,0.46
20120413,-1.13,-1.03
20120416,0.16,0.09
20120417,1.41,1.41
20120418,-0.35,-0.21
20120419,-0.43,0.21
20120420,0.34,0.57
20120423,-0.71,-0.74
20120424,0.65,0.59
20120425,1.02,1.33
20120426,0.66,0.24
20120427,0.08,0.51
20120430,-0.17,-0.1
20120501,0.6,0.03
20120502,-0.68,0.02
20120503,-1,-0.43
20120504,-1.63,-1.24
20120507,-0.16,0.51
20120508,-0.34,0.12
20120509,-0.72,-0.72
20120510,0.45,0.86
20120511,-0.39,-0.07
20120514,-1.17,-0.41
20120515,-1.05,-0.47
20120516,-0.49,0.28
20120517,-1.49,-1.23
20120518,-0.57,-0.83
20120521,1.92,1.09
20120522,-0.13,-0.21
20120523,0.29,-0.54
20120524,0.09,0.89
20120525,-0.28,-0.12
20120529,1.38,0.29
20120530,-2.13,-0.76
20120531,-0.47,-0.33
20120601,-2.3,-1.89
20120604,-0.2,0.39
20120605,0.61,0.53
20120606,2.53,1.37
20120607,0.39,-0.05
20120608,0.31,0.77
20120611,-1.3,-0.89
20120612,1.17,0.9
20120613,-1.11,-0.14
20120614,0.99,1.33
20120615,1.13,0.77
20120618,-0.3,0.54
20120619,1.29,0.97
20120620,-0.64,-0.01
20120621,-2.89,-1.21
20120622,0.48,1.16
20120625,-1.55,-1.11
20120626,0.6,0.33
20120627,1.37,1.16
20120628,0.22,-0.44
20120629,2.6,2.28
20120702,-0.05,0.93
20120703,1.48,0.13
20120705,-0.6,-0.55
20120706,-1.03,-0.65
20120709,-0.49,0.58
20120710,-1.1,-0.83
20120711,0.29,-0.31
20120712,-0.17,0.53
20120713,1.73,1.01
20120716,-0.19,0.26
20120717,0.9,1.25
20120718,0.93,0.15
20120719,0.46,-0.13
20120720,-0.49,-1.37
20120723,-1.02,-1.1
20120724,-1.3,-1.23
20120725,0.02,0.82
20120726,1.82,1.15
20120727,1.81,2.36
20120730,-0.02,-0.75
20120731,-0.82,-0.54
20120801,-0.23,-0.25
20120802,-1.16,-0.88
20120803,2.19,1.29
20120806,0.27,0.13
20120807,0.99,-0.28
20120808,0.13,-0.1
20120809,0.37,-0.05
20120810,0.26,0.41
20120813,-0.45,-0.26
20120814,0.03,0.45
20120815,0.02,0.31
20120816,0.89,-0.19
20120817,0.15,-0.33
20120820,-0.19,0.19
20120821,-0.35,-0.41
20120822,0.02,0.03
20120823,-1.05,-0.17
20120824,0.51,1.01
20120827,-0.2,-0.02
20120828,0.02,0
20120829,-0.18,0.18
20120830,-0.89,-0.38
20120831,0.64,0.3
20120904,-0.43,0.62
20120905,-0.18,0.05
20120906,2.01,1.75
20120907,1.07,-0.04
20120910,-0.52,-0.26
20120911,0.43,0.11
20120912,0.12,0.12
20120913,1.63,1.04
20120914,0.96,-0.37
20120917,-0.84,0.61
20120918,-0.47,0.38
20120919,-0.18,0.13
20120920,0.1,0.46
20120921,0.11,0.39
20120924,-0.24,0
20120925,-1.09,-0.16
20120926,-0.55,-0.62
20120927,0.81,0.72
20120928,-0.25,-0.29
20121001,0.31,0.53
20121002,-0.08,0.4
20121003,-0.42,0.68
20121004,0.91,0.46
20121005,0,0.23
20121008,-0.14,-0.25
20121009,-0.39,-1.38
20121010,-1.19,-0.7
20121011,0.43,0.05
20121012,-0.43,-0.17
20121015,0.64,1.4
20121016,1.35,1.04
20121017,1.09,0.24
20121018,0.25,-0.21
20121019,-1.54,-1.84
20121022,-0.25,-0.2
20121023,-1.8,-1.38
20121024,-0.37,0.07
20121025,0.57,0.66
20121026,0.06,-0.54
20121031,0.26,-0.96
20121101,1,0.8
20121102,-1.29,-0.76
20121105,0.35,0.37
20121106,1.14,0.4
20121107,-2.48,-1.66
20121108,-1.36,-1.19
20121109,0.05,0.52
20121112,0.06,0.69
20121113,-0.37,-0.4
20121114,-1.32,-1.29
20121115,-0.25,-0.44
20121116,0.6,0.89
20121119,1.94,1.13
20121120,-0.1,0.75
20121121,0.28,0.14
20121123,1.12,1.12
20121126,-0.18,-0.38
20121127,-0.46,-0.56
20121128,0.86,0.76
20121129,0.43,0.67
20121130,0.08,0
20121203,-0.69,-0.18
20121204,-0.15,0.16
20121205,0.8,0.29
20121206,0.25,-0.01
20121207,0.5,0.18
20121210,0.17,0.47
20121211,0.51,1.08
20121212,0.06,-0.3
20121213,-0.73,-0.88
20121214,-0.07,-0.41
20121217,0.87,0.71
20121218,1.45,0.86
20121219,-0.55,-0.92
20121220,0.6,-0.11
20121221,-0.83,-0.73
20121224,-0.4,-0.31
20121226,-0.4,-0.45
20121227,-0.12,-0.13
20121228,-1.31,-1.02
20121231,1.88,1.21
20130102,2.37,2.19
20130103,0.03,0.65
20130104,0.85,0.47
20130107,-0.67,0.47
20130108,-0.33,0.24
20130109,0.27,1.04
20130110,0.62,0.58
20130111,0,-0.22
20130114,0.11,0.24
20130115,0.36,-0.12
20130116,-0.18,-0.34
20130117,0.83,0.61
20130118,0.58,0.24
20130122,0.69,0.42
20130123,-0.2,-0.4
20130124,0.39,0.63
20130125,0.83,0.81
20130128,-0.27,-0.29
20130129,0.97,1.02
20130130,-0.52,-0.28
20130131,-0.32,-0.12
20130201,0.94,0.74
20130204,-0.97,-1.25
20130205,0.7,1
20130206,0.25,0.06
20130207,-0.2,-0.48
20130208,0.53,0.62
20130211,-0.22,-0.09
20130212,0.32,-0.13
20130213,0.29,0.11
20130214,0.14,0.17
20130215,-0.37,0.16
20130219,0.84,0.69
20130220,-1.63,-0.76
20130221,-0.66,-0.45
20130222,1.03,0.78
20130225,-2.17,-1.15
20130226,0.76,0.26
20130227,1.52,1.22
20130228,0.08,-0.12
20130301,-0.14,0.63
20130304,0.01,0.77
20130305,0.91,1.05
20130306,0.2,0.13
20130307,0.19,-0.06
20130308,0.65,0.39
20130311,0.21,0.42
20130312,-0.1,0.36
20130313,0.04,-0.02
20130314,0.85,0.28
20130315,-0.05,-0.63
20130318,-0.58,-0.64
20130319,-0.39,0.07
20130320,0.66,0.98
20130321,-0.84,-0.57
20130322,0.56,0.83
20130325,-0.43,-0.34
20130326,0.88,1.13
20130327,-0.01,0.56
20130328,0.27,1.03
20130401,-0.5,-0.1
20130402,-0.31,1.21
20130403,-1.16,-0.78
20130404,0.32,0.38
20130405,-0.03,-0.59
20130408,0.68,0.13
20130409,0.41,0.23
20130410,0.83,1.67
20130411,0.43,1.12
20130412,-0.73,0.22
20130415,-3.13,-1.93
20130416,1.28,1.4
20130417,-1.53,-0.2
20130418,0.22,-1.15
20130419,0.84,2.14
20130422,0.59,0.46
20130423,1.04,0.59
20130424,0.55,-2.04
20130425,0.17,0.47
20130426,-0.35,-0.04
20130429,0.87,0.52
20130430,0.29,-1.03
20130501,-1.46,-1.29
20130502,1.05,1.29
20130503,1.47,0.59
20130506,0.14,-0.72
20130507,0.76,0.13
20130508,0.19,0.24
20130509,-0.25,0.06
20130510,0.04,1.21
20130513,-0.26,1.01
20130514,1.26,1.26
20130515,0.31,0.31
20130516,-0.59,-1.23
20130517,1.33,0.34
20130520,0.43,-0.54
20130521,0.01,0.98
20130522,-1.15,-0.14
20130523,-0.24,0.1
20130524,-0.14,-0.07
20130528,0.65,1
20130529,-0.73,-1.53
20130530,0.2,0.68
20130531,-1.48,-1.94
20130603,0.66,0.6
20130604,-0.62,-0.9
20130605,-1.31,-1.43
20130606,0.75,1.54
20130607,1.21,1.17
20130610,-0.11,0.08
20130611,-1.05,-0.5
20130612,-0.8,-1.03
20130613,1.64,1.57
20130614,-0.6,-0.22
20130617,0.9,0.04
20130618,0.64,0.78
20130619,-1.33,-1.73
20130620,-2.74,-2.55
20130621,0.32,0.71
20130624,-1.26,-0.85
20130625,1,0.44
20130626,0.9,1.47
20130627,0.53,0.25
20130628,-0.31,-0.72
20130701,0.54,0.87
20130702,-0.08,-0.06
20130703,0.08,-0.27
20130705,0.93,1.42
20130708,0.66,0.5
20130709,1.09,0.24
20130710,-0.14,0.8
20130711,1.25,1.36
20130712,0.15,0.95
20130715,0.28,0.07
20130716,-0.6,-0.5
20130717,0.32,0.23
20130718,0.87,-0.11
20130719,0.65,1.34
20130722,-0.09,0.42
20130723,0.2,-0.43
20130724,-0.94,-0.26
20130725,0.55,0.68
20130726,-0.21,0.56
20130729,-0.31,-0.37
20130730,0.12,0.27
20130731,0.11,0.11
20130801,1.43,0.75
20130802,-0.14,0.13
20130805,-0.25,-0.28
20130806,-0.56,-0.72
20130807,-0.22,-0.03
20130808,0.53,-0.04
20130809,-0.2,-0.27
20130812,-0.19,-0.38
20130813,0.07,0.2
20130814,-0.56,-0.66
20130815,-1.07,-1.73
20130816,-0.39,-0.65
20130819,-0.97,0.15
20130820,0.53,0.32
20130821,-0.63,-0.29
20130822,1.14,0.63
20130823,0.57,0.2
20130826,-0.38,0.45
20130827,-1.16,-1.9
20130828,0.67,0.51
20130829,-0.2,0.4
20130830,-0.29,-0.44
20130903,0.3,0.6
20130904,0.66,1.19
20130905,0.12,0.18
20130906,0.08,0.03
20130909,1.16,0.96
20130910,0.62,0.52
20130911,0.43,0.4
20130912,-0.46,-0.17
20130913,0.35,0.29
20130916,0.53,0.73
20130917,0.35,0.3
20130918,1.42,1.05
20130919,-0.1,-0.08
20130920,-1.02,-0.31
20130923,-0.18,-0.74
20130924,0.18,-0.44
20130925,-0.24,-0.83
20130926,0.31,0.56
20130927,-0.53,0.02
20130930,-0.61,-0.13
20131001,0.66,1.37
20131002,-0.08,-0.14
20131003,-0.89,-0.97
20131004,0.76,0.98
20131007,-0.8,-1.17
20131008,-0.89,-1.94
20131009,-0.03,-0.46
20131010,2.06,2.31
20131011,0.87,0.41
20131014,0.37,0.72
20131015,-0.85,-0.56
20131016,1.12,2.11
20131017,0.87,1.18
20131018,0.73,-0.12
20131021,-0.29,-0.74
20131022,0.81,1.02
20131023,-0.65,0.04
20131024,0.53,0.06
20131025,0.46,0.11
20131028,-0.07,0.25
20131029,0.57,0.63
20131030,-0.69,-0.91
20131031,-0.14,-0.58
20131101,0.07,0.56
20131104,0.93,0.1
20131105,-0.51,-0.25
20131106,0.47,-0.8
20131107,-1.4,-0.96
20131108,1.19,1.88
20131111,0.1,0.29
20131112,-0.49,-0.02
20131113,0.7,0.61
20131114,0.65,0.66
20131115,0.53,0.56
20131118,-0.5,-0.6
20131119,-0.3,0.11
20131120,-0.47,0.26
20131121,0.9,0.58
20131122,0.47,1.36
20131125,-0.43,0.34
20131126,-0.07,-0.26
20131127,-0.18,0.13
20131129,-0.15,-0.05
20131202,-0.37,0.18
20131203,-0.13,-0.82
20131204,-0.24,-0.38
20131205,-0.27,-0.13
20131206,0.97,1.21
20131209,0.07,0.04
20131210,-0.37,-0.54
20131211,-1.29,-1.79
20131212,0.11,-0.5
20131213,0.01,0.11
20131216,0.79,0.22
20131217,-0.18,-0.58
20131218,1.49,2.27
20131219,-0.05,-0.33
20131220,0.59,0.73
20131223,0.18,0.47
20131224,0.54,-0.04
20131226,0.49,0.59
20131227,0.28,-0.2
20131230,-0.28,0.28
20131231,0.49,-0.09
20140102,-1.25,-0.38
20140103,-0.03,0.23
20140106,-0.27,-0.39
20140107,0.72,1.09
20140108,-0.38,1.03
20140109,0.02,0.87
20140110,0.35,0.86
20140113,-1.45,-0.63
20140114,1.02,1.43
20140115,0.14,-0.13
20140116,0.12,0.48
20140117,-0.32,-0.04
20140121,0.53,0.6
20140122,0.24,0.03
20140123,-1.15,-0.68
20140124,-2.18,-2.57
20140127,-0.27,-1.19
20140128,0.76,1.46
20140129,-0.73,-0.91
20140130,0.48,1.74
20140131,-0.61,-0.86
20140203,-2.14,-2.35
20140204,0.56,1.2
20140205,-0.5,-0.69
20140206,1.25,0.34
20140207,1.18,2.23
20140210,-0.13,1.28
20140211,1.23,1.32
20140212,0.11,0.07
20140213,0.75,0.82
20140214,1.03,0.03
20140218,0.23,1.25
20140219,-0.4,-0.71
20140220,0.85,1.04
20140221,-0.24,0.13
20140224,0.72,0.66
20140225,-0.08,-0.12
20140226,-0.07,-0.04
20140227,0.24,0.6
20140228,0.49,-0.66
20140303,-0.71,-0.63
20140304,1.22,1.99
20140305,-0.61,-0.29
20140306,0.36,-1.03
20140307,0.23,-0.21
20140310,-0.15,0.36
20140311,-0.91,-0.39
20140312,0.17,0.1
20140313,-0.84,-1.51
20140314,0.19,-0.35
20140317,0.84,0.81
20140318,0.59,1.45
20140319,-0.95,-0.57
20140320,0.3,-0.3
20140321,0.19,-1.75
20140324,-0.27,-1.69
20140325,0.63,0.83
20140326,-0.78,-0.11
20140327,0.35,0.03
20140328,0.85,-0.86
20140331,0.76,1.62
20140401,0.54,0.92
20140402,0.42,0.44
20140403,0.13,-0.63
20140404,-0.72,-1.81
20140407,-1.33,-1.06
20140408,0.8,-0.74
20140409,0.78,2.31
20140410,-1.47,-3.52
20140411,-0.64,-1.25
20140414,0.91,0.36
20140415,0.9,0.96
20140416,1.33,0.86
20140417,0.53,0.26
20140421,0.25,1.49
20140422,0.05,1.34
20140423,0.21,-0.69
20140424,0.04,-0.36
20140425,-0.58,-0.77
20140428,0.16,0.66
20140429,0.32,0.84
20140430,0.35,0.14
20140501,-0.26,0.35
20140502,-0.02,-0.95
20140505,0.36,0.6
20140506,-0.4,-1.11
20140507,0.86,-0.11
20140508,-0.81,-0.73
20140509,-0.13,0.63
20140512,0.73,1.14
20140513,0.06,0.03
20140514,-0.29,0.17
20140515,-1.05,-1.05
20140516,0.08,0.22
20140519,0.16,0.68
20140520,-0.63,-0.73
20140521,0.83,0.63
20140522,0.14,0.74
20140523,0.29,0.1
20140527,0.39,0.78
20140528,0.06,-0.33
20140529,0.56,0.68
20140530,0.02,0.18
20140602,0.04,0.12
20140603,0.1,0.19
20140604,0.05,0.34
20140605,0.85,0.45
20140606,0.64,-0.09
20140609,0.13,-0.15
20140610,-0.2,0.27
20140611,-0.28,-0.21
20140612,-0.26,-0.42
20140613,0.6,0.03
20140616,0.34,0.15
20140617,0.09,-0.05
20140618,0.82,0.82
20140619,0.46,0.28
20140620,0.43,1.01
20140623,-0.05,-0.41
20140624,-1.3,-0.08
20140625,0.37,1.01
20140626,-0.1,0.01
20140627,0.18,-0.12
20140630,0.12,-0.26
20140701,0.17,1.47
20140702,-0.42,0.72
20140703,0.39,0.25
20140707,-0.6,-1.07
20140708,-0.24,-1.21
20140709,0.44,0.4
20140710,-0.63,-0.06
20140711,-0.35,0.16
20140714,0.42,0.31
20140715,-0.29,-1.3
20140716,0.79,-0.18
20140717,-1.29,-1.53
20140718,0.8,1.85
20140721,-0.07,-0.36
20140722,0.4,0.78
20140723,0.15,1.23
20140724,-0.04,-0.37
20140725,-0.63,-0.26
20140728,-0.05,-0.07
20140729,-0.67,0.44
20140730,-0.58,0.63
20140731,-2.15,-2.12
20140801,-0.22,-0.24
20140804,0.87,0.55
20140805,-1.26,-0.62
20140806,0.09,-0.12
20140807,-0.36,-0.96
20140808,1.59,1.02
20140811,0.13,0.15
20140812,-0.42,-0.2
20140813,0.5,1.33
20140814,0.09,1.14
20140815,0.33,0.11
20140818,0.7,0.84
20140819,0.59,0.58
20140820,0.3,-0.14
20140821,0.16,-0.1
20140822,-0.39,0.27
20140825,0.63,0.97
20140826,0.05,0.64
20140827,0.09,-0.08
20140828,0.01,-0.27
20140829,0.45,0.53
20140902,-0.59,-0.04
20140903,0.18,0.19
20140904,-0.52,-0.79
20140905,0.58,0.36
20140908,-0.8,0.25
20140909,-0.67,-0.53
20140910,-0.05,1.07
20140911,0.21,-0.14
20140912,-1.1,-0.73
20140915,0.23,-0.52
20140916,0.8,1.24
20140917,-0.05,0.22
20140918,-0.17,0.75
20140919,-0.04,-0.01
20140922,-1.12,-0.53
20140923,-0.55,-0.5
20140924,0.37,1.67
20140925,-1.4,-1.51
20140926,1.03,0.39
20140929,-0.2,-0.11
20140930,-0.93,-0.75
20141001,-1.55,-1.04
20141002,-0.16,-0.08
20141003,0.37,1.84
20141006,-0.09,-0.38
20141007,-1.5,-1.62
20141008,1.37,2.39
20141009,-2.81,-2.09
20141010,-0.97,-0.9
20141013,-2.12,-2.19
20141014,0.08,-0.63
20141015,0.17,-0.35
20141016,1.18,-0.23
20141017,0.86,1.33
20141020,0.9,1.21
20141021,2.22,2.4
20141022,-1.18,-0.39
20141023,1.37,1.93
20141024,0.41,1.45
20141027,-1.05,0.11
20141028,1.83,0.94
20141029,-0.27,-0.1
20141030,0.42,1.87
20141031,1.49,0.35
20141103,-0.56,-0.07
20141104,-1.05,-0.1
20141105,1.28,-0.45
20141106,0.54,0.67
20141107,0.72,-0.89
20141110,-0.15,1.05
20141111,0.05,0.31
20141112,-0.44,-0.07
20141113,-0.77,-0.22
20141114,0.33,-1.05
20141117,-0.1,0.39
20141118,0.47,1.54
20141119,0.11,-0.53
20141120,0.6,-0.24
20141121,0.97,0.44
20141124,-0.39,0.64
20141125,-0.5,0
20141126,-0.38,0.85
20141128,-2.76,0.41
20141201,-0.36,-0.48
20141202,0.89,1.25
20141203,0.86,0.13
20141204,-0.43,-0.1
20141205,-0.49,0.86
20141208,-1.95,0.52
20141209,0.66,-0.15
20141210,-2.31,-1.63
20141211,0.23,0.31
20141212,-1.86,-1.55
20141215,-0.67,-1.12
20141216,0.33,-1
20141217,2.76,2.15
20141218,2.01,2.77
20141219,1.3,0.5
20141222,-0.02,-1.3
20141223,0.9,-2.72
20141224,-0.08,0.88
20141226,0.3,0.99
20141229,0.29,0.27
20141230,-0.76,-0.53
20141231,-1.05,-0.75
20150102,0.18,0.43
20150105,-2.76,-0.45
20150106,-0.96,-0.44
20150107,0.61,2.39
20150108,1.95,1.48
20150109,-0.77,-0.66
20150112,-1.34,0.19
20150113,-0.27,-0.43
20150114,-0.05,0.02
20150115,-0.66,-1.53
20150116,1.71,2.06
20150120,0.09,0.05
20150121,1.16,-0.41
20150122,0.91,1.06
20150123,-0.92,-0.29
20150126,0.64,0.83
20150127,-0.73,-0.59
20150128,-2,-1.57
20150129,0.96,0.95
20150130,-0.69,-1.42
20150202,1.77,0.37
20150203,2.02,0.48
20150204,-1.08,-1.52
20150205,1.38,1.9
20150206,-0.72,-0.9
20150209,-0.28,-1.04
20150210,0.48,1.53
20150211,-0.59,-0.04
20150212,1.06,0.43
20150213,0.83,0.63
20150217,0.08,0.69
20150218,0.09,0.29
20150219,-0.32,0.16
20150220,0.27,0.94
20150223,-0.18,0.16
20150224,0.31,-0.19
20150225,-0.09,0.48
20150226,-0.82,0.43
20150227,-0.41,-0.61
20150302,-0.09,0.9
20150303,-0.15,-0.77
20150304,-0.51,0.54
20150305,-0.08,0.58
20150306,-1.74,-1.71
20150309,0.09,0.39
20150310,-1.46,-0.87
20150311,-0.02,0.04
20150312,0.76,1.16
20150313,-0.73,-0.15
20150316,1.05,1.97
20150317,-0.46,-0.16
20150318,2.08,1.04
20150319,-1.19,0.85
20150320,1.07,0.52
20150323,-0.15,-0.46
20150324,-0.55,-0.78
20150325,-0.48,-2.27
20150326,-0.23,-0.24
20150327,0.02,0.93
20150330,1.59,0.98
20150331,-0.65,-1.46
20150401,-0.17,-1.13
20150402,0.28,0.15
20150406,1.34,0.06
20150407,-0.26,0.41
20150408,-0.28,1.17
20150409,0.54,0.67
20150410,0.38,0.94
20150413,-0.64,-0.39
20150414,0.89,0.07
20150415,1.14,0.58
20150416,-0.38,-0.2
20150417,-1.06,-0.87
20150420,0.87,0.62
20150421,-0.64,0.75
20150422,0.33,0.22
20150423,0.28,0.53
20150424,-0.22,-0.49
20150427,-0.24,-2.15
20150428,0.37,0.01
20150429,0.11,-0.48
20150430,-0.84,-1.82
20150501,0.81,1.43
20150504,0.07,0.61
20150505,-1.26,-1.3
20150506,-0.19,-0.12
20150507,-0.26,0.53
20150508,1.27,1.64
20150511,-0.78,-0.01
20150512,-0.03,-0.52
20150513,-0.16,-0.15
20150514,0.76,1.33
20150515,0.31,0.22
20150518,0.1,0.76
20150519,-0.48,0.34
20150520,0.08,0.28
20150521,0.52,-0.04
20150522,-0.37,-0.23
20150526,-1.25,-0.86
20150527,0.34,1.19
20150528,-0.17,0.04
20150529,-0.49,-0.32
20150601,0.05,0.28
20150602,0.16,-0.42
20150603,-0.19,0.23
20150604,-1.1,-0.71
20150605,0.03,0.17
20150608,-0.44,-0.43
20150609,0.04,-0.12
20150610,1.13,1.1
20150611,0.09,0.63
20150612,-0.85,-1.1
20150615,-0.59,-0.23
20150616,0.61,0.43
20150617,0.22,0.31
20150618,0.68,1.76
20150619,-0.62,-0.07
20150622,0.51,0.83
20150623,-0.13,0.03
20150624,-0.74,-1.01
20150625,-0.68,0.29
20150626,0.25,-0.11
20150629,-1.85,-2.44
20150630,0.24,0.76
20150701,-0.06,0.6
20150702,0.19,-0.19
20150706,-0.77,0.2
20150707,1.03,0.49
20150708,-1.72,-1.84
20150709,0.03,0.66
20150710,0.69,1.38
20150713,0.87,1.18
20150714,0.52,1.05
20150715,-0.91,-0.01
20150716,0.26,0.8
20150717,-0.85,-0.1
20150720,-0.64,0.24
20150721,-0.72,-0.42
20150722,-0.44,0.22
20150723,-0.69,-0.18
20150724,-1.39,-2.57
20150727,-0.71,-0.36
20150728,1.94,1.83
20150729,1.1,0
20150730,-0.26,-0.01
20150731,-0.82,0.69
20150803,-0.95,-0.02
20150804,-0.46,0
20150805,0.1,0.69
20150806,0.5,-2.45
20150807,-0.82,-0.4
20150810,2.14,0.77
20150811,-0.68,-0.95
20150812,0.86,0.27
20150813,-0.6,-0.33
20150814,0.32,0.08
20150817,0.36,1.21
20150818,-0.37,-0.49
20150819,-1.47,-0.48
20150820,-1.86,-2.56
20150821,-2.67,-2.74
20150824,-4.1,-4.09
20150825,-1.64,-1.04
20150826,2.96,4.17
20150827,3.09,2.02
20150828,0.89,-0.05
20150831,-0.15,-2.05
20150901,-3.16,-2.67
20150902,1.12,2.31
20150903,0.42,-1.07
20150904,-1.58,-1.08
20150908,2.07,3.05
20150909,-1.51,-1.78
20150910,0.1,1.11
20150911,-0.11,0.72
20150914,-0.61,-0.29
20150915,1.2,1.28
20150916,1.71,0.16
20150917,-0.01,1.22
20150918,-1.84,-1.37
20150921,0.37,-2.12
20150922,-1.29,-0.82
20150923,-1.06,-0.19
20150924,0.14,-1.08
20150925,0.45,-3.14
20150928,-2.43,-4.4
20150929,0.23,0.35
20150930,1.87,2.55
20151001,-0.12,0.91
20151002,2.42,2.38
20151005,2.5,0.21
20151006,0.8,-2.5
20151007,0.91,1.57
20151008,1.67,0.22
20151009,-0.32,0.44
20151012,-0.43,-0.06
20151013,-0.75,-1.85
20151014,0.05,0.08
20151015,1.2,2.87
20151016,0.09,0.83
20151019,-0.83,0.21
20151020,0.26,-1.85
20151021,-0.63,-0.62
20151022,1.94,-0.37
20151023,0.04,2.08
20151026,-1,0.39
20151027,-0.82,1.8
20151028,1.25,1.3
20151029,-0.05,-0.03
20151030,0.34,-0.38
20151102,1.4,2.47
20151103,0.98,-0.04
20151104,-0.42,-0.1
20151105,-0.52,-0.7
20151106,-0.81,-0.18
20151109,-0.86,-0.63
20151110,0.22,0.56
20151111,-0.71,-0.94
20151112,-1.96,-1.9
20151113,-0.33,0.02
20151116,2.16,0.8
20151117,-0.86,0.48
20151118,1.49,2.09
20151119,-0.19,-1.35
20151120,-0.13,0.58
20151123,0.13,0
20151124,1.03,0.12
20151125,-0.37,0.78
20151127,-0.23,0.23
20151130,-0.03,-1.41
20151201,0.61,1.43
20151202,-1.88,-0.97
20151203,-1.32,-2.36
20151204,0.71,2.31
20151207,-1.61,-0.89
20151208,-1.06,0.41
20151209,0.57,-1.23
20151210,0.05,0.79
20151211,-2.12,-1.91
20151214,0.12,0.4
20151215,1.17,1.63
20151216,0.97,1.52
20151217,-1.58,-1.28
20151218,-1.56,-1.3
20151221,0.43,0.76
20151222,1.19,0.58
20151223,2.41,1.19
20151224,-0.39,0.11
20151228,-0.76,-0.57
20151229,0.82,1.3
20151230,-0.87,-0.45
20151231,-0.55,-0.93
20160104,-0.84,-2.25
20160105,0.28,0.46
20160106,-2.18,-1.06
20160107,-2.22,-2.33
20160108,-0.99,-1.48
20160111,-0.69,-1.36
20160112,0.2,0.99
20160113,-1.74,-3.3
20160114,2.15,2.85
20160115,-2.09,-1.38
20160119,-0.61,-0.73
20160120,-1.59,0.61
20160121,1.35,-0.43
20160122,2.4,1.84
20160125,-2.68,-0.98
20160126,2.54,0.84
20160127,-0.72,-1.27
20160128,1.61,-2.44
20160129,2.61,1.67
20160201,-0.56,0.24
20160202,-1.67,-1.55
20160203,2.36,0.72
20160204,0.48,-0.41
20160205,-1.07,-2.14
20160208,-0.73,-1.63
20160209,-0.42,0.47
20160210,-0.46,0.78
20160211,-1.6,-1.71
20160212,1.71,1.41
20160216,1.17,1.95
20160217,1.87,1.46
20160218,-0.15,-0.9
20160219,-0.48,0.22
20160222,1.67,1.14
20160223,-1.59,-1.03
20160224,0.67,0.55
20160225,0.93,1.17
20160226,-0.12,-0.13
20160229,-0.54,-1.6
20160301,1.48,2.28
20160302,1.13,0.34
20160303,0.93,-0.4
20160304,0.91,-0.06
20160307,1.04,1.07
20160308,-1.81,-1.59
20160309,0.78,-0.01
20160310,-0.07,-0.21
20160311,1.47,2.07
20160314,-0.27,-0.36
20160315,-0.2,-1.97
20160316,1.3,-0.42
20160317,1.65,-0.92
20160318,0.17,1.34
20160321,-0.07,0.68
20160322,-0.2,1.27
20160323,-1.15,-1.12
20160324,0.17,-0.05
20160328,-0.11,-0.37
20160329,0.84,1.4
20160330,0.16,-0.09
20160331,-0.15,0.16
20160401,0.02,1.46
20160404,-0.75,1.02
20160405,-0.86,-0.88
20160406,1.02,3.08
20160407,-0.55,-1.02
20160408,0.99,-0.48
20160411,-0.21,-0.88
20160412,1.55,0.88
20160413,0.59,1.12
20160414,0.04,0.23
20160415,-0.09,-0.09
20160418,0.77,0.93
20160419,1,0.15
20160420,-0.39,0.42
20160421,-0.77,0.73
20160422,0.9,0.27
20160425,-0.59,-0.49
20160426,0.83,-0.6
20160427,1.16,-0.14
20160428,-0.96,-0.48
20160429,-0.16,-1.61
20160502,0.42,0.66
20160503,-1.32,-0.63
20160504,-0.57,-1.18
20160505,0.06,0.37
20160506,0.22,-0.61
20160509,-0.66,1.32
20160510,1.39,0.82
20160511,-0.2,-1.23
20160512,0.29,-0.73
20160513,-1.1,0.04
20160516,1.11,1.51
20160517,-0.61,-1.16
20160518,-1.03,0.4
20160519,-0.04,-0.92
20160520,0.47,1.07
20160523,-0.14,-0.22
20160524,0.98,1.65
20160525,0.82,0.6
20160526,-0.11,-0.11
20160527,0.24,0.58
20160531,-0.27,0.29
20160601,0.4,0.35
20160602,0.11,1.37
20160603,0.23,-0.57
20160606,1.12,0.69
20160607,0.78,-0.74
20160608,0.33,0.32
20160609,-0.1,-0.41
20160610,-1.19,-1.02
20160613,-0.7,-0.77
20160614,0.05,0.17
20160615,-0.24,-0.62
20160616,0.11,0.23
20160617,0.44,-1.34
20160620,0.68,0.73
20160621,0.26,-0.42
20160622,-0.3,0.36
20160623,1.29,1.41
20160624,-3.29,-3.04
20160627,-2.01,-1.57
20160628,1.68,2.25
20160629,1.58,1.91
20160630,1.54,0.93
20160701,0.33,0.9
20160705,-1.2,-0.17
20160706,0.36,1.28
20160707,-0.61,0.17
20160708,1.63,1.13
20160711,0.36,-0.05
20160712,1.14,0.46
20160713,-0.06,-0.41
20160714,0.24,0.32
20160715,0.16,0.1
20160718,0.03,0.01
20160719,-0.34,-0.27
20160720,0.03,1.04
20160721,-0.56,0.29
20160722,0.42,0.06
20160725,-0.84,0.05
20160726,0.41,-0.12
20160727,-0.63,0.7
20160728,-0.06,-0.04
20160729,0.39,0.49
20160801,-1.1,0.78
20160802,-0.12,-0.51
20160803,0.68,-0.1
20160804,0.08,-0.24
20160805,0.42,0.27
20160808,0.49,-0.97
20160809,-0.2,0.3
20160810,-0.38,-0.75
20160811,0.81,0.66
20160812,0.02,-0.19
20160815,0.41,0.32
20160816,-0.48,-1.07
20160817,0.39,0.11
20160818,1.04,0.11
20160819,-0.27,-0.12
20160822,-0.31,0.42
20160823,0.39,0.16
20160824,-0.4,-1.84
20160825,0.06,-0.6
20160826,-0.62,0.49
20160829,0.7,0.28
20160830,-0.48,-0.4
20160831,-0.68,-0.36
20160901,0.02,-0.08
20160902,0.85,0.07
20160906,0.62,0.68
20160907,0.06,0.12
20160908,0.41,0.26
20160909,-3,-2.23
20160912,1.2,1.75
20160913,-2.03,-1.48
20160914,-0.45,0.28
20160915,0.98,1.15
20160916,-0.38,0.12
20160919,0.43,-0.29
20160920,-0.38,0.57
20160921,1.64,0.88
20160922,0.65,0.78
20160923,-0.91,-0.4
20160926,-0.35,-1.28
20160927,-0.13,0.81
20160928,1.88,-0.2
20160929,-0.65,-2.1
20160930,0.85,1.06
20161003,-0.42,0.01
20161004,-1.19,-0.17
20161005,0.84,0.54
20161006,0.18,-0.71
20161007,-0.71,0.06
20161010,0.7,0.58
20161011,-1.24,-2.4
20161012,0.09,-0.74
20161013,-0.25,0.16
20161014,-0.16,-0.99
20161017,-0.15,-0.22
20161018,0.41,0.69
20161019,0.53,-0.59
20161020,-0.2,0.57
20161021,-0.28,-0.97
20161024,0.1,-0.27
20161025,-0.26,-0.21
20161026,0.25,-0.95
20161027,-0.44,0.24
20161028,-0.06,-1.57
20161031,-0.09,-0.76
20161101,-0.72,-0.27
20161102,-0.86,-1.03
20161103,0.03,-1.28
20161104,-0.27,1.04
20161107,2.02,2.47
20161108,0.51,0.22
20161109,1.02,4.15
20161110,0.12,1.09
20161111,-0.35,-1.2
20161114,0.33,-0.38
20161115,1.35,0.27
20161116,-0.5,-0.7
20161117,-0.13,0.69
20161118,0.04,-0.93
20161121,1.33,0.27
20161122,0.42,-1.86
20161123,0.31,0.45
20161125,0.32,0.55
20161128,-0.59,-1.17
20161129,-0.3,0.36
20161130,1.35,-1.22
20161201,-0.04,-1.27
20161202,0.18,0.47
20161205,0.69,0.24
20161206,0.08,0.5
20161207,1.19,-1.17
20161208,0.26,0.37
20161209,0.39,1.18
20161212,0.14,0.56
20161213,0.49,0.6
20161214,-1.65,-0.27
20161215,0.46,0.8
20161216,0.2,0
20161219,0.11,-0.4
20161220,0.12,-0.01
20161221,-0.12,-0.7
20161222,0.1,0.03
20161223,0.04,1.01
20161227,0.24,-0.01
20161228,-1.02,-0.79
20161229,0.13,0.11
20161230,-0.44,-0.37
20170103,0.82,1.3
20170104,0.51,1.05
20170105,-0.27,0.41
20170106,0.11,0.3
20170109,-1.08,0.78
20170110,-0.23,0.32
20170111,0.82,-1.32
20170112,-0.34,0.07
20170113,0.08,0.29
20170117,0.15,-0.75
20170118,0.1,0.13
20170119,-0.49,-0.87
20170120,0.6,-0.35
20170123,-0.51,-0.55
20170124,1.2,-0.63
20170125,0.61,0.84
20170126,0.02,-0.7
20170127,-0.48,0.96
20170130,-1.08,-0.61
20170131,0.12,1.58
20170201,-0.39,0.71
20170202,0.26,0.32
20170203,0.68,0.75
20170206,-0.45,0
20170207,-0.28,-0.12
20170208,0.22,-0.08
20170209,0.53,0.6
20170210,0.72,0.14
20170213,0.48,0.65
20170214,-0.03,0.8
20170215,0.22,1.3
20170216,-0.29,-0.19
20170217,-0.01,0.5
20170221,0.8,0.22
20170222,-0.43,-0.35
20170223,-0.07,0.62
20170224,0,0.62
20170227,0.38,0.71
20170228,-0.17,-0.31
20170301,1.41,1.09
20170302,-0.7,-0.25
20170303,-0.23,0.41
20170306,-0.12,-0.53
20170307,-0.44,-0.81
20170308,-1.18,0.45
20170309,-0.07,0.66
20170310,0.41,0.3
20170313,0.27,-0.09
20170314,-0.69,-0.38
20170315,1.61,1.25
20170316,-0.46,-0.87
20170317,0.33,-0.52
20170320,-0.08,0.03
20170321,-0.93,-1.28
20170322,-0.05,0.17
20170323,0.04,-0.26
20170324,-0.31,0.23
20170327,-0.24,0.57
20170328,0.9,-0.08
20170329,0.34,0.11
20170330,0.16,-0.18
20170331,-0.11,-0.15
